101	MaxHP	1564	0	HPHuiFuPerRoundRatio	500	0	SuDu	100	0	LiLiang	330	0	Lingli	345	0	ZhuanJing	225	0	MaxMP	100	0	MPHuiFuPerRound	50	0	MPChuShi	100	0	MPBeiJiHuiFu	50	0	MPGongJiHuiFu	50	0	GongJiLiMin	412	1000	GongJiLiMax	530	1000	FangYuLi	518	0	DuoChongDaJi	0	0	PoJia	0	0	PoJiaDiKang	0	0	BaoJi	500	0	RenXing	0	0	BaoJiShangHai	0	0	BaoJiJianMian	0	0	ShanBi	500	0	MingZhong	0	0	GeDang	500	0	GeDangJianMian	0	0	ChuanCi	0	0	PuGongJianMian	0	0	PuGongJiaShen	0	0	JiNengJianMian	0	0	JiNengJiaShen	0	0	ZhuanJinJianMian	0	0	ZhuanJinJiaShen	0	0	JianShuShangHaiJiaShen	0	0	FaShuShangHaiJiaShen	0	0	LeiXiShangHaiJiaShen	0	0	HuoXiShangHaiJiaShen	0	0	BingXiShangHaiJiaShen	0	0	FengXiShangHaiJiaShen	0	0	DuXiShangHaiJiaShen	0	0	JianShuShangHaiJianMian	0	0	FaShuShangHaiJianMian	0	0	LeiXiShangHaiJianMian	0	0	HuoXiShangHaiJianMian	0	0	BingXiShangHaiJianMian	0	0	FengXiShangHaiJianMian	0	0	DuXiShangHaiJianMian	0	0	XiXue	0	0						
201	MaxHP	1135	0	HPHuiFuPerRoundRatio	500	0	SuDu	100	0	LiLiang	300	0	Lingli	300	0	ZhuanJing	300	0	MaxMP	300	0	MPHuiFuPerRound	100	0	MPChuShi	100	0	MPBeiJiHuiFu	50	0	MPGongJiHuiFu	50	0	GongJiLiMin	362	0	GongJiLiMax	373	2500	FangYuLi	518	0	DuoChongDaJi	0	0	PoJia	0	0	PoJiaDiKang	0	0	BaoJi	500	0	RenXing	0	0	BaoJiShangHai	0	0	BaoJiJianMian	0	0	ShanBi	500	0	MingZhong	0	0	GeDang	500	0	GeDangJianMian	0	0	ChuanCi	0	0	PuGongJianMian	0	0	PuGongJiaShen	0	0	JiNengJianMian	0	0	JiNengJiaShen	0	0	ZhuanJinJianMian	0	0	ZhuanJinJiaShen	0	0	JianShuShangHaiJiaShen	0	0	FaShuShangHaiJiaShen	0	0	LeiXiShangHaiJiaShen	0	0	HuoXiShangHaiJiaShen	0	0	BingXiShangHaiJiaShen	0	0	FengXiShangHaiJiaShen	0	0	DuXiShangHaiJiaShen	0	0	JianShuShangHaiJianMian	0	0	FaShuShangHaiJianMian	0	0	LeiXiShangHaiJianMian	0	0	HuoXiShangHaiJianMian	0	0	BingXiShangHaiJianMian	0	0	FengXiShangHaiJianMian	0	0	DuXiShangHaiJianMian	0	0	XiXue	0	0						
301	MaxHP	1080	0	HPHuiFuPerRoundRatio	0	0	SuDu	100	0	LiLiang	360	0	Lingli	300	0	ZhuanJing	240	0	MaxMP	100	0	MPHuiFuPerRound	50	0	MPChuShi	100	0	MPBeiJiHuiFu	150	0	MPGongJiHuiFu	50	0	GongJiLiMin	313	2500	GongJiLiMax	402	2500	FangYuLi	555	4000	DuoChongDaJi	0	0	PoJia	0	0	PoJiaDiKang	0	0	BaoJi	500	0	RenXing	0	0	BaoJiShangHai	0	0	BaoJiJianMian	0	0	ShanBi	500	0	MingZhong	0	0	GeDang	500	0	GeDangJianMian	0	0	ChuanCi	0	0	PuGongJianMian	2000	0	PuGongJiaShen	0	0	JiNengJianMian	2000	0	JiNengJiaShen	0	0	ZhuanJinJianMian	2000	0	ZhuanJinJiaShen	0	0	JianShuShangHaiJiaShen	0	0	FaShuShangHaiJiaShen	0	0	LeiXiShangHaiJiaShen	0	0	HuoXiShangHaiJiaShen	0	0	BingXiShangHaiJiaShen	0	0	FengXiShangHaiJiaShen	0	0	DuXiShangHaiJiaShen	0	0	JianShuShangHaiJianMian	0	0	FaShuShangHaiJianMian	0	0	LeiXiShangHaiJianMian	0	0	HuoXiShangHaiJianMian	0	0	BingXiShangHaiJianMian	0	0	FengXiShangHaiJianMian	0	0	DuXiShangHaiJianMian	0	0	XiXue	0	0						
401	MaxHP	777	0	HPHuiFuPerRoundRatio	0	0	SuDu	100	0	LiLiang	270	0	Lingli	360	0	ZhuanJing	270	0	MaxMP	100	0	MPHuiFuPerRound	50	0	MPChuShi	100	0	MPBeiJiHuiFu	50	0	MPGongJiHuiFu	50	0	GongJiLiMin	396	7500	GongJiLiMax	510	7500	FangYuLi	414	0	DuoChongDaJi	0	0	PoJia	0	0	PoJiaDiKang	0	0	BaoJi	500	0	RenXing	0	0	BaoJiShangHai	0	0	BaoJiJianMian	0	0	ShanBi	500	0	MingZhong	0	0	GeDang	500	0	GeDangJianMian	0	0	ChuanCi	0	0	PuGongJianMian	0	0	PuGongJiaShen	0	0	JiNengJianMian	0	0	JiNengJiaShen	0	0	ZhuanJinJianMian	0	0	ZhuanJinJiaShen	0	0	JianShuShangHaiJiaShen	0	0	FaShuShangHaiJiaShen	0	0	LeiXiShangHaiJiaShen	0	0	HuoXiShangHaiJiaShen	0	0	BingXiShangHaiJiaShen	0	0	FengXiShangHaiJiaShen	0	0	DuXiShangHaiJiaShen	0	0	JianShuShangHaiJianMian	0	0	FaShuShangHaiJianMian	0	0	LeiXiShangHaiJianMian	0	0	HuoXiShangHaiJianMian	0	0	BingXiShangHaiJianMian	0	0	FengXiShangHaiJianMian	0	0	DuXiShangHaiJianMian	0	0	XiXue	0	0						
501	MaxHP	1296	0	HPHuiFuPerRoundRatio	0	0	SuDu	100	0	LiLiang	330	0	Lingli	345	0	ZhuanJing	225	0	MaxMP	100	0	MPHuiFuPerRound	50	0	MPChuShi	100	0	MPBeiJiHuiFu	50	0	MPGongJiHuiFu	50	0	GongJiLiMin	453	0	GongJiLiMax	583	0	FangYuLi	518	0	DuoChongDaJi	0	0	PoJia	0	0	PoJiaDiKang	0	0	BaoJi	500	0	RenXing	0	0	BaoJiShangHai	0	0	BaoJiJianMian	0	0	ShanBi	500	0	MingZhong	0	0	GeDang	500	0	GeDangJianMian	0	0	ChuanCi	0	0	PuGongJianMian	0	0	PuGongJiaShen	0	0	JiNengJianMian	0	0	JiNengJiaShen	0	0	ZhuanJinJianMian	0	0	ZhuanJinJiaShen	0	0	JianShuShangHaiJiaShen	0	0	FaShuShangHaiJiaShen	0	0	LeiXiShangHaiJiaShen	0	0	HuoXiShangHaiJiaShen	0	0	BingXiShangHaiJiaShen	0	0	FengXiShangHaiJiaShen	0	0	DuXiShangHaiJiaShen	0	0	JianShuShangHaiJianMian	0	0	FaShuShangHaiJianMian	0	0	LeiXiShangHaiJianMian	0	0	HuoXiShangHaiJianMian	0	0	BingXiShangHaiJianMian	0	0	FengXiShangHaiJianMian	0	0	DuXiShangHaiJianMian	0	0	XiXue	0	0						
601	MaxHP	1296	0	HPHuiFuPerRoundRatio	0	0	SuDu	100	0	LiLiang	360	0	Lingli	300	0	ZhuanJing	240	0	MaxMP	100	0	MPHuiFuPerRound	50	0	MPChuShi	100	0	MPBeiJiHuiFu	50	0	MPGongJiHuiFu	50	0	GongJiLiMin	394	0	GongJiLiMax	507	0	FangYuLi	518	0	DuoChongDaJi	0	0	PoJia	0	0	PoJiaDiKang	0	0	BaoJi	2000	0	RenXing	0	0	BaoJiShangHai	0	0	BaoJiJianMian	0	0	ShanBi	500	0	MingZhong	0	0	GeDang	500	0	GeDangJianMian	0	0	ChuanCi	0	0	PuGongJianMian	0	0	PuGongJiaShen	0	0	JiNengJianMian	0	0	JiNengJiaShen	0	0	ZhuanJinJianMian	0	0	ZhuanJinJiaShen	0	0	JianShuShangHaiJiaShen	0	0	FaShuShangHaiJiaShen	0	0	LeiXiShangHaiJiaShen	0	0	HuoXiShangHaiJiaShen	0	0	BingXiShangHaiJiaShen	0	0	FengXiShangHaiJiaShen	0	0	DuXiShangHaiJiaShen	0	0	JianShuShangHaiJianMian	0	0	FaShuShangHaiJianMian	0	0	LeiXiShangHaiJianMian	0	0	HuoXiShangHaiJianMian	0	0	BingXiShangHaiJianMian	0	0	FengXiShangHaiJianMian	0	0	DuXiShangHaiJianMian	0	0	XiXue	0	0	KuangZhanShiZhiXue	5000	0	WeiYa	1000	0
701	MaxHP	1296	0	HPHuiFuPerRoundRatio	0	0	SuDu	100	0	LiLiang	240	0	Lingli	330	0	ZhuanJing	330	0	MaxMP	100	0	MPHuiFuPerRound	50	0	MPChuShi	100	0	MPBeiJiHuiFu	50	0	MPGongJiHuiFu	50	0	GongJiLiMin	394	0	GongJiLiMax	507	0	FangYuLi	518	0	DuoChongDaJi	0	0	PoJia	0	0	PoJiaDiKang	0	0	BaoJi	2000	0	RenXing	0	0	BaoJiShangHai	0	0	BaoJiJianMian	0	0	ShanBi	500	0	MingZhong	0	0	GeDang	500	0	GeDangJianMian	0	0	ChuanCi	0	0	PuGongJianMian	0	0	PuGongJiaShen	0	0	JiNengJianMian	0	0	JiNengJiaShen	0	0	ZhuanJinJianMian	0	0	ZhuanJinJiaShen	0	0	JianShuShangHaiJiaShen	0	0	FaShuShangHaiJiaShen	0	0	LeiXiShangHaiJiaShen	0	0	HuoXiShangHaiJiaShen	0	0	BingXiShangHaiJiaShen	0	0	FengXiShangHaiJiaShen	0	0	DuXiShangHaiJiaShen	0	0	JianShuShangHaiJianMian	0	0	FaShuShangHaiJianMian	0	0	LeiXiShangHaiJianMian	0	0	HuoXiShangHaiJianMian	0	0	BingXiShangHaiJianMian	0	0	FengXiShangHaiJianMian	0	0	DuXiShangHaiJianMian	0	0	XiXue	0	0						
801	MaxHP	1205	0	HPHuiFuPerRoundRatio	0	0	SuDu	100	0	LiLiang	360	0	Lingli	300	0	ZhuanJing	240	0	MaxMP	100	0	MPHuiFuPerRound	50	0	MPChuShi	100	0	MPBeiJiHuiFu	50	0	MPGongJiHuiFu	50	0	GongJiLiMin	328	0	GongJiLiMax	422	0	FangYuLi	518	0	DuoChongDaJi	0	0	PoJia	0	0	PoJiaDiKang	0	0	BaoJi	2000	0	RenXing	0	0	BaoJiShangHai	0	0	BaoJiJianMian	0	0	ShanBi	500	0	MingZhong	2000	0	GeDang	2000	0	GeDangJianMian	0	0	ChuanCi	0	0	PuGongJianMian	0	0	PuGongJiaShen	0	0	JiNengJianMian	0	0	JiNengJiaShen	0	0	ZhuanJinJianMian	0	0	ZhuanJinJiaShen	0	0	JianShuShangHaiJiaShen	0	0	FaShuShangHaiJiaShen	0	0	LeiXiShangHaiJiaShen	0	0	HuoXiShangHaiJiaShen	0	0	BingXiShangHaiJiaShen	0	0	FengXiShangHaiJiaShen	0	0	DuXiShangHaiJiaShen	0	0	JianShuShangHaiJianMian	0	0	FaShuShangHaiJianMian	0	0	LeiXiShangHaiJianMian	0	0	HuoXiShangHaiJianMian	0	0	BingXiShangHaiJianMian	0	0	FengXiShangHaiJianMian	0	0	DuXiShangHaiJianMian	0	0	XiXue	0	0	KuangZhanShiZhiXue	5000	0			
901	MaxHP	1205	0	HPHuiFuPerRoundRatio	0	0	SuDu	100	0	LiLiang	360	0	Lingli	300	0	ZhuanJing	240	0	MaxMP	100	0	MPHuiFuPerRound	50	0	MPChuShi	100	0	MPBeiJiHuiFu	50	0	MPGongJiHuiFu	50	0	GongJiLiMin	329	0	GongJiLiMax	424	0	FangYuLi	518	0	DuoChongDaJi	0	0	PoJia	0	0	PoJiaDiKang	0	0	BaoJi	2000	0	RenXing	0	0	BaoJiShangHai	15000.0	0	BaoJiJianMian	0	0	ShanBi	500	0	MingZhong	0	0	GeDang	2000	0	GeDangJianMian	0	0	ChuanCi	0	0	PuGongJianMian	0	0	PuGongJiaShen	0	0	JiNengJianMian	0	0	JiNengJiaShen	0	0	ZhuanJinJianMian	0	0	ZhuanJinJiaShen	0	0	JianShuShangHaiJiaShen	0	0	FaShuShangHaiJiaShen	0	0	LeiXiShangHaiJiaShen	0	0	HuoXiShangHaiJiaShen	0	0	BingXiShangHaiJiaShen	0	0	FengXiShangHaiJiaShen	0	0	DuXiShangHaiJiaShen	0	0	JianShuShangHaiJianMian	0	0	FaShuShangHaiJianMian	0	0	LeiXiShangHaiJianMian	0	0	HuoXiShangHaiJianMian	0	0	BingXiShangHaiJianMian	0	0	FengXiShangHaiJianMian	0	0	DuXiShangHaiJianMian	0	0	XiXue	0	0	KuangZhanShiZhiXue	5000	0			
1001	MaxHP	1296	0	HPHuiFuPerRoundRatio	0	0	SuDu	100	0	LiLiang	300	0	Lingli	300	0	ZhuanJing	300	0	MaxMP	100	0	MPHuiFuPerRound	50	0	MPChuShi	100	0	MPBeiJiHuiFu	50	0	MPGongJiHuiFu	50	0	GongJiLiMin	453	0	GongJiLiMax	583	0	FangYuLi	518	0	DuoChongDaJi	0	0	PoJia	0	0	PoJiaDiKang	0	0	BaoJi	500	0	RenXing	0	0	BaoJiShangHai	0	0	BaoJiJianMian	0	0	ShanBi	500	0	MingZhong	0	0	GeDang	500	0	GeDangJianMian	0	0	ChuanCi	0	0	PuGongJianMian	0	0	PuGongJiaShen	0	0	JiNengJianMian	0	0	JiNengJiaShen	0	0	ZhuanJinJianMian	0	0	ZhuanJinJiaShen	0	0	JianShuShangHaiJiaShen	0	0	FaShuShangHaiJiaShen	0	0	LeiXiShangHaiJiaShen	0	0	HuoXiShangHaiJiaShen	0	0	BingXiShangHaiJiaShen	0	0	FengXiShangHaiJiaShen	0	0	DuXiShangHaiJiaShen	0	0	JianShuShangHaiJianMian	0	0	FaShuShangHaiJianMian	0	0	LeiXiShangHaiJianMian	0	0	HuoXiShangHaiJianMian	0	0	BingXiShangHaiJianMian	0	0	FengXiShangHaiJianMian	0	0	DuXiShangHaiJianMian	0	0	XiXue	0	0						
1101	MaxHP	1296	0	HPHuiFuPerRoundRatio	0	0	SuDu	100	0	LiLiang	240	0	Lingli	300	0	ZhuanJing	360	0	MaxMP	100	0	MPHuiFuPerRound	50	0	MPChuShi	100	0	MPBeiJiHuiFu	50	0	MPGongJiHuiFu	50	0	GongJiLiMin	453	0	GongJiLiMax	583	0	FangYuLi	518	0	DuoChongDaJi	0	0	PoJia	0	0	PoJiaDiKang	0	0	BaoJi	500	0	RenXing	0	0	BaoJiShangHai	0	0	BaoJiJianMian	0	0	ShanBi	500	0	MingZhong	0	0	GeDang	500	0	GeDangJianMian	0	0	ChuanCi	0	0	PuGongJianMian	0	0	PuGongJiaShen	0	0	JiNengJianMian	0	0	JiNengJiaShen	0	0	ZhuanJinJianMian	0	0	ZhuanJinJiaShen	0	0	JianShuShangHaiJiaShen	0	0	FaShuShangHaiJiaShen	0	0	LeiXiShangHaiJiaShen	0	0	HuoXiShangHaiJiaShen	0	0	BingXiShangHaiJiaShen	0	0	FengXiShangHaiJiaShen	0	0	DuXiShangHaiJiaShen	0	0	JianShuShangHaiJianMian	0	0	FaShuShangHaiJianMian	0	0	LeiXiShangHaiJianMian	0	0	HuoXiShangHaiJianMian	0	0	BingXiShangHaiJianMian	0	0	FengXiShangHaiJianMian	0	0	DuXiShangHaiJianMian	0	0	XiXue	0	0						
1201	MaxHP	1296	0	HPHuiFuPerRoundRatio	0	0	SuDu	100	0	LiLiang	330	0	Lingli	345	0	ZhuanJing	225	0	MaxMP	100	0	MPHuiFuPerRound	50	0	MPChuShi	100	0	MPBeiJiHuiFu	50	0	MPGongJiHuiFu	50	0	GongJiLiMin	394	1500	GongJiLiMax	507	1500	FangYuLi	518	0	DuoChongDaJi	0	0	PoJia	0	0	PoJiaDiKang	0	0	BaoJi	500	0	RenXing	0	0	BaoJiShangHai	0	0	BaoJiJianMian	0	0	ShanBi	500	0	MingZhong	0	0	GeDang	500	0	GeDangJianMian	0	0	ChuanCi	0	0	PuGongJianMian	0	0	PuGongJiaShen	0	0	JiNengJianMian	0	0	JiNengJiaShen	0	0	ZhuanJinJianMian	0	0	ZhuanJinJiaShen	0	0	JianShuShangHaiJiaShen	0	0	FaShuShangHaiJiaShen	0	0	LeiXiShangHaiJiaShen	0	0	HuoXiShangHaiJiaShen	0	0	BingXiShangHaiJiaShen	0	0	FengXiShangHaiJiaShen	0	0	DuXiShangHaiJiaShen	0	0	JianShuShangHaiJianMian	0	0	FaShuShangHaiJianMian	0	0	LeiXiShangHaiJianMian	0	0	HuoXiShangHaiJianMian	0	0	BingXiShangHaiJianMian	0	0	FengXiShangHaiJianMian	0	0	DuXiShangHaiJianMian	0	0	XiXue	0	0						
1301	MaxHP	1126	0	HPHuiFuPerRoundRatio	0	0	SuDu	100	0	LiLiang	300	0	Lingli	300	0	ZhuanJing	300	0	MaxMP	300	0	MPHuiFuPerRound	50	0	MPChuShi	100	0	MPBeiJiHuiFu	100	0	MPGongJiHuiFu	100	0	GongJiLiMin	270	0	GongJiLiMax	347	0	FangYuLi	518	0	DuoChongDaJi	0	0	PoJia	0	0	PoJiaDiKang	0	0	BaoJi	500	0	RenXing	0	0	BaoJiShangHai	0	0	BaoJiJianMian	0	0	ShanBi	500	0	MingZhong	4000	0	GeDang	500	0	GeDangJianMian	0	0	ChuanCi	0	0	PuGongJianMian	0	0	PuGongJiaShen	0	0	JiNengJianMian	0	0	JiNengJiaShen	0	0	ZhuanJinJianMian	0	0	ZhuanJinJiaShen	0	0	JianShuShangHaiJiaShen	0	0	FaShuShangHaiJiaShen	0	0	LeiXiShangHaiJiaShen	0	0	HuoXiShangHaiJiaShen	0	0	BingXiShangHaiJiaShen	0	0	FengXiShangHaiJiaShen	2000	0	DuXiShangHaiJiaShen	0	0	JianShuShangHaiJianMian	0	0	FaShuShangHaiJianMian	0	0	LeiXiShangHaiJianMian	0	0	HuoXiShangHaiJianMian	0	0	BingXiShangHaiJianMian	0	0	FengXiShangHaiJianMian	0	0	DuXiShangHaiJianMian	0	0	XiXue	0	0						
1401	MaxHP	1296	0	HPHuiFuPerRoundRatio	0	0	SuDu	100	0	LiLiang	240	0	Lingli	330	0	ZhuanJing	330	0	MaxMP	100	0	MPHuiFuPerRound	50	0	MPChuShi	100	0	MPBeiJiHuiFu	50	0	MPGongJiHuiFu	50	0	GongJiLiMin	378	0	GongJiLiMax	486	0	FangYuLi	518	0	DuoChongDaJi	0	0	PoJia	0	0	PoJiaDiKang	0	0	BaoJi	500	0	RenXing	0	0	BaoJiShangHai	0	0	BaoJiJianMian	0	0	ShanBi	500	0	MingZhong	0	0	GeDang	500	0	GeDangJianMian	0	0	ChuanCi	0	0	PuGongJianMian	0	0	PuGongJiaShen	0	0	JiNengJianMian	0	0	JiNengJiaShen	0	0	ZhuanJinJianMian	0	0	ZhuanJinJiaShen	0	0	JianShuShangHaiJiaShen	0	0	FaShuShangHaiJiaShen	0	0	LeiXiShangHaiJiaShen	0	0	HuoXiShangHaiJiaShen	0	0	BingXiShangHaiJiaShen	2000	0	FengXiShangHaiJiaShen	0	0	DuXiShangHaiJiaShen	0	0	JianShuShangHaiJianMian	0	0	FaShuShangHaiJianMian	0	0	LeiXiShangHaiJianMian	0	0	HuoXiShangHaiJianMian	0	0	BingXiShangHaiJianMian	0	0	FengXiShangHaiJianMian	0	0	DuXiShangHaiJianMian	0	0	XiXue	0	0						
1501	MaxHP	1296	0	HPHuiFuPerRoundRatio	0	0	SuDu	100	0	LiLiang	270	0	Lingli	360	0	ZhuanJing	270	0	MaxMP	100	0	MPHuiFuPerRound	50	0	MPChuShi	100	0	MPBeiJiHuiFu	50	0	MPGongJiHuiFu	50	0	GongJiLiMin	412	0	GongJiLiMax	441	2000	FangYuLi	518	0	DuoChongDaJi	1000	0	PoJia	0	0	PoJiaDiKang	0	0	BaoJi	1500	0	RenXing	0	0	BaoJiShangHai	0	0	BaoJiJianMian	0	0	ShanBi	500	0	MingZhong	0	0	GeDang	500	0	GeDangJianMian	0	0	ChuanCi	0	0	PuGongJianMian	0	0	PuGongJiaShen	0	0	JiNengJianMian	0	0	JiNengJiaShen	0	0	ZhuanJinJianMian	0	0	ZhuanJinJiaShen	0	0	JianShuShangHaiJiaShen	0	0	FaShuShangHaiJiaShen	0	0	LeiXiShangHaiJiaShen	0	0	HuoXiShangHaiJiaShen	0	0	BingXiShangHaiJiaShen	0	0	FengXiShangHaiJiaShen	0	0	DuXiShangHaiJiaShen	0	0	JianShuShangHaiJianMian	0	0	FaShuShangHaiJianMian	0	0	LeiXiShangHaiJianMian	0	0	HuoXiShangHaiJianMian	0	0	BingXiShangHaiJianMian	0	0	FengXiShangHaiJianMian	0	0	DuXiShangHaiJianMian	0	0	XiXue	0	0						
1601	MaxHP	740	0	HPHuiFuPerRoundRatio	0	0	SuDu	100	0	LiLiang	360	0	Lingli	300	0	ZhuanJing	240	0	MaxMP	100	0	MPHuiFuPerRound	50	0	MPChuShi	100	0	MPBeiJiHuiFu	50	0	MPGongJiHuiFu	50	0	GongJiLiMin	629	0	GongJiLiMax	809	0	FangYuLi	414	0	DuoChongDaJi	0	0	PoJia	500	0	PoJiaDiKang	0	0	BaoJi	500	0	RenXing	0	0	BaoJiShangHai	0	0	BaoJiJianMian	0	0	ShanBi	1000	0	MingZhong	500	0	GeDang	500	0	GeDangJianMian	0	0	ChuanCi	0	0	PuGongJianMian	0	0	PuGongJiaShen	0	0	JiNengJianMian	0	0	JiNengJiaShen	0	0	ZhuanJinJianMian	0	0	ZhuanJinJiaShen	0	0	JianShuShangHaiJiaShen	0	0	FaShuShangHaiJiaShen	0	0	LeiXiShangHaiJiaShen	0	0	HuoXiShangHaiJiaShen	0	0	BingXiShangHaiJiaShen	0	0	FengXiShangHaiJiaShen	0	0	DuXiShangHaiJiaShen	0	0	JianShuShangHaiJianMian	0	0	FaShuShangHaiJianMian	0	0	LeiXiShangHaiJianMian	0	0	HuoXiShangHaiJianMian	0	0	BingXiShangHaiJianMian	0	0	FengXiShangHaiJianMian	0	0	DuXiShangHaiJianMian	0	0	XiXue	0	0						
1701	MaxHP	740	0	HPHuiFuPerRoundRatio	0	0	SuDu	100	0	LiLiang	240	0	Lingli	300	0	ZhuanJing	360	0	MaxMP	100	0	MPHuiFuPerRound	50	0	MPChuShi	100	0	MPBeiJiHuiFu	50	0	MPGongJiHuiFu	50	0	GongJiLiMin	551	0	GongJiLiMax	708	0	FangYuLi	414	0	DuoChongDaJi	0	0	PoJia	0	0	PoJiaDiKang	0	0	BaoJi	500	0	RenXing	0	0	BaoJiShangHai	0	0	BaoJiJianMian	0	0	ShanBi	1000	0	MingZhong	500	0	GeDang	500	0	GeDangJianMian	0	0	ChuanCi	0	0	PuGongJianMian	0	0	PuGongJiaShen	0	0	JiNengJianMian	0	0	JiNengJiaShen	0	0	ZhuanJinJianMian	0	0	ZhuanJinJiaShen	2000	0	JianShuShangHaiJiaShen	0	0	FaShuShangHaiJiaShen	0	0	LeiXiShangHaiJiaShen	0	0	HuoXiShangHaiJiaShen	0	0	BingXiShangHaiJiaShen	0	0	FengXiShangHaiJiaShen	0	0	DuXiShangHaiJiaShen	0	0	JianShuShangHaiJianMian	0	0	FaShuShangHaiJianMian	0	0	LeiXiShangHaiJianMian	0	0	HuoXiShangHaiJianMian	0	0	BingXiShangHaiJianMian	0	0	FengXiShangHaiJianMian	0	0	DuXiShangHaiJianMian	0	0	XiXue	0	0						
1801	MaxHP	1296	0	HPHuiFuPerRoundRatio	0	0	SuDu	100	0	LiLiang	360	0	Lingli	300	0	ZhuanJing	240	0	MaxMP	100	0	MPHuiFuPerRound	50	0	MPChuShi	100	0	MPBeiJiHuiFu	50	0	MPGongJiHuiFu	50	0	GongJiLiMin	378	0	GongJiLiMax	486	0	FangYuLi	518	0	DuoChongDaJi	0	0	PoJia	0	0	PoJiaDiKang	0	0	BaoJi	500	0	RenXing	0	0	BaoJiShangHai	0	0	BaoJiJianMian	0	0	ShanBi	500	0	MingZhong	0	0	GeDang	500	0	GeDangJianMian	0	0	ChuanCi	0	0	PuGongJianMian	0	0	PuGongJiaShen	0	0	JiNengJianMian	0	0	JiNengJiaShen	0	0	ZhuanJinJianMian	0	0	ZhuanJinJiaShen	0	0	JianShuShangHaiJiaShen	0	0	FaShuShangHaiJiaShen	0	0	LeiXiShangHaiJiaShen	0	0	HuoXiShangHaiJiaShen	0	0	BingXiShangHaiJiaShen	0	0	FengXiShangHaiJiaShen	0	0	DuXiShangHaiJiaShen	0	0	JianShuShangHaiJianMian	0	0	FaShuShangHaiJianMian	0	0	LeiXiShangHaiJianMian	0	0	HuoXiShangHaiJianMian	0	0	BingXiShangHaiJianMian	0	0	FengXiShangHaiJianMian	0	0	DuXiShangHaiJianMian	0	0	XiXue	0	0						
1901	MaxHP	1099	0	HPHuiFuPerRoundRatio	500	0	SuDu	100	0	LiLiang	330	0	Lingli	345	0	ZhuanJing	225	0	MaxMP	100	0	MPHuiFuPerRound	50	0	MPChuShi	100	0	MPBeiJiHuiFu	50	0	MPGongJiHuiFu	50	0	GongJiLiMin	317	3000	GongJiLiMax	407	3000	FangYuLi	518	0	DuoChongDaJi	0	0	PoJia	0	0	PoJiaDiKang	0	0	BaoJi	500	0	RenXing	0	0	BaoJiShangHai	0	0	BaoJiJianMian	0	0	ShanBi	500	0	MingZhong	0	0	GeDang	500	0	GeDangJianMian	0	0	ChuanCi	0	0	PuGongJianMian	0	0	PuGongJiaShen	3000	0	JiNengJianMian	0	0	JiNengJiaShen	0	0	ZhuanJinJianMian	0	0	ZhuanJinJiaShen	0	0	JianShuShangHaiJiaShen	0	0	FaShuShangHaiJiaShen	0	0	LeiXiShangHaiJiaShen	0	0	HuoXiShangHaiJiaShen	0	0	BingXiShangHaiJiaShen	0	0	FengXiShangHaiJiaShen	0	0	DuXiShangHaiJiaShen	0	0	JianShuShangHaiJianMian	0	0	FaShuShangHaiJianMian	0	0	LeiXiShangHaiJianMian	0	0	HuoXiShangHaiJianMian	0	0	BingXiShangHaiJianMian	0	0	FengXiShangHaiJianMian	0	0	DuXiShangHaiJianMian	0	0	XiXue	0	0						
2001	MaxHP	1246	3000	HPHuiFuPerRoundRatio	0	0	SuDu	100	0	LiLiang	270	0	Lingli	360	0	ZhuanJing	270	0	MaxMP	100	0	MPHuiFuPerRound	50	0	MPChuShi	100	0	MPBeiJiHuiFu	50	0	MPGongJiHuiFu	50	0	GongJiLiMin	279	0	GongJiLiMax	358	0	FangYuLi	648	0	DuoChongDaJi	0	0	PoJia	0	0	PoJiaDiKang	0	0	BaoJi	500	0	RenXing	0	0	BaoJiShangHai	0	0	BaoJiJianMian	0	0	ShanBi	500	0	MingZhong	0	0	GeDang	500	0	GeDangJianMian	0	0	ChuanCi	0	0	PuGongJianMian	0	0	PuGongJiaShen	3000	0	JiNengJianMian	0	0	JiNengJiaShen	0	0	ZhuanJinJianMian	0	0	ZhuanJinJiaShen	0	0	JianShuShangHaiJiaShen	0	0	FaShuShangHaiJiaShen	0	0	LeiXiShangHaiJiaShen	0	0	HuoXiShangHaiJiaShen	0	0	BingXiShangHaiJiaShen	0	0	FengXiShangHaiJiaShen	0	0	DuXiShangHaiJiaShen	0	0	JianShuShangHaiJianMian	0	0	FaShuShangHaiJianMian	0	0	LeiXiShangHaiJianMian	0	0	HuoXiShangHaiJianMian	0	0	BingXiShangHaiJianMian	0	0	FengXiShangHaiJianMian	0	0	DuXiShangHaiJianMian	0	0	XiXue	0	0						
2101	MaxHP	1296	0	HPHuiFuPerRoundRatio	0	0	SuDu	100	0	LiLiang	300	0	Lingli	300	0	ZhuanJing	300	0	MaxMP	100	0	MPHuiFuPerRound	50	0	MPChuShi	100	0	MPBeiJiHuiFu	50	0	MPGongJiHuiFu	50	0	GongJiLiMin	279	2500	GongJiLiMax	358	2500	FangYuLi	518	0	DuoChongDaJi	0	0	PoJia	0	0	PoJiaDiKang	0	0	BaoJi	2500	0	RenXing	0	0	BaoJiShangHai	5000	0	BaoJiJianMian	0	0	ShanBi	500	0	MingZhong	0	0	GeDang	500	0	GeDangJianMian	0	0	ChuanCi	0	0	PuGongJianMian	0	0	PuGongJiaShen	0	0	JiNengJianMian	0	0	JiNengJiaShen	0	0	ZhuanJinJianMian	0	0	ZhuanJinJiaShen	0	0	JianShuShangHaiJiaShen	0	0	FaShuShangHaiJiaShen	0	0	LeiXiShangHaiJiaShen	0	0	HuoXiShangHaiJiaShen	0	0	BingXiShangHaiJiaShen	0	0	FengXiShangHaiJiaShen	0	0	DuXiShangHaiJiaShen	0	0	JianShuShangHaiJianMian	0	0	FaShuShangHaiJianMian	0	0	LeiXiShangHaiJianMian	0	0	HuoXiShangHaiJianMian	0	0	BingXiShangHaiJianMian	0	0	FengXiShangHaiJianMian	0	0	DuXiShangHaiJianMian	0	0	XiXue	0	0						
2201	MaxHP	1080	0	HPHuiFuPerRoundRatio	0	0	SuDu	100	0	LiLiang	330	0	Lingli	345	0	ZhuanJing	225	0	MaxMP	100	0	MPHuiFuPerRound	50	0	MPChuShi	100	0	MPBeiJiHuiFu	50	0	MPGongJiHuiFu	50	0	GongJiLiMin	453	0	GongJiLiMax	583	0	FangYuLi	518	0	DuoChongDaJi	0	0	PoJia	0	0	PoJiaDiKang	0	0	BaoJi	500	0	RenXing	0	0	BaoJiShangHai	0	0	BaoJiJianMian	0	0	ShanBi	2500	0	MingZhong	0	0	GeDang	500	0	GeDangJianMian	0	0	ChuanCi	0	0	PuGongJianMian	0	0	PuGongJiaShen	0	0	JiNengJianMian	0	0	JiNengJiaShen	0	0	ZhuanJinJianMian	0	0	ZhuanJinJiaShen	0	0	JianShuShangHaiJiaShen	0	0	FaShuShangHaiJiaShen	0	0	LeiXiShangHaiJiaShen	0	0	HuoXiShangHaiJiaShen	0	0	BingXiShangHaiJiaShen	0	0	FengXiShangHaiJiaShen	0	0	DuXiShangHaiJiaShen	0	0	JianShuShangHaiJianMian	0	0	FaShuShangHaiJianMian	0	0	LeiXiShangHaiJianMian	0	0	HuoXiShangHaiJianMian	0	0	BingXiShangHaiJianMian	0	0	FengXiShangHaiJianMian	0	0	DuXiShangHaiJianMian	0	0	XiXue	0	0						
2301	MaxHP	385	0	HPHuiFuPerRoundRatio	0	0	SuDu	100	0	LiLiang	360	0	Lingli	300	0	ZhuanJing	240	0	MaxMP	100	0	MPHuiFuPerRound	50	0	MPChuShi	100	0	MPBeiJiHuiFu	50	0	MPGongJiHuiFu	50	0	GongJiLiMin	661	0	GongJiLiMax	850	0	FangYuLi	414	0	DuoChongDaJi	0	0	PoJia	0	0	PoJiaDiKang	0	0	BaoJi	500	0	RenXing	0	0	BaoJiShangHai	0	0	BaoJiJianMian	0	0	ShanBi	3000	0	MingZhong	500	0	GeDang	3000	0	GeDangJianMian	0	0	ChuanCi	0	0	PuGongJianMian	5000	0	PuGongJiaShen	0	0	JiNengJianMian	5000	0	JiNengJiaShen	0	0	ZhuanJinJianMian	9500	0	ZhuanJinJiaShen	0	0	JianShuShangHaiJiaShen	0	0	FaShuShangHaiJiaShen	0	0	LeiXiShangHaiJiaShen	0	0	HuoXiShangHaiJiaShen	0	0	BingXiShangHaiJiaShen	0	0	FengXiShangHaiJiaShen	0	0	DuXiShangHaiJiaShen	0	0	JianShuShangHaiJianMian	0	0	FaShuShangHaiJianMian	0	0	LeiXiShangHaiJianMian	0	0	HuoXiShangHaiJianMian	0	0	BingXiShangHaiJianMian	0	0	FengXiShangHaiJianMian	0	0	DuXiShangHaiJianMian	0	0	XiXue	0	0						
2401	MaxHP	1178	0	HPHuiFuPerRoundRatio	0	0	SuDu	100	0	LiLiang	240	0	Lingli	330	0	ZhuanJing	330	0	MaxMP	100	0	MPHuiFuPerRound	50	0	MPChuShi	100	0	MPBeiJiHuiFu	50	0	MPGongJiHuiFu	50	0	GongJiLiMin	315	0	GongJiLiMax	405	0	FangYuLi	518	0	DuoChongDaJi	0	0	PoJia	0	0	PoJiaDiKang	0	0	BaoJi	2500	0	RenXing	0	0	BaoJiShangHai	0	0	BaoJiJianMian	0	0	ShanBi	500	0	MingZhong	0	0	GeDang	2500	0	GeDangJianMian	0	0	ChuanCi	0	0	PuGongJianMian	0	0	PuGongJiaShen	0	0	JiNengJianMian	0	0	JiNengJiaShen	0	0	ZhuanJinJianMian	0	0	ZhuanJinJiaShen	0	0	JianShuShangHaiJiaShen	0	0	FaShuShangHaiJiaShen	0	0	LeiXiShangHaiJiaShen	0	0	HuoXiShangHaiJiaShen	0	0	BingXiShangHaiJiaShen	0	0	FengXiShangHaiJiaShen	0	0	DuXiShangHaiJiaShen	0	0	JianShuShangHaiJianMian	0	0	FaShuShangHaiJianMian	0	0	LeiXiShangHaiJianMian	0	0	HuoXiShangHaiJianMian	0	0	BingXiShangHaiJianMian	0	0	FengXiShangHaiJianMian	0	0	DuXiShangHaiJianMian	0	0	XiXue	0	0						
2501	MaxHP	777	0	HPHuiFuPerRoundRatio	0	0	SuDu	100	0	LiLiang	330	0	Lingli	345	0	ZhuanJing	225	0	MaxMP	100	0	MPHuiFuPerRound	50	0	MPChuShi	100	0	MPBeiJiHuiFu	50	0	MPGongJiHuiFu	50	0	GongJiLiMin	273	0	GongJiLiMax	352	0	FangYuLi	414	0	DuoChongDaJi	0	0	PoJia	2000	0	PoJiaDiKang	0	0	BaoJi	2500	0	RenXing	0	0	BaoJiShangHai	0	0	BaoJiJianMian	0	0	ShanBi	500	0	MingZhong	3000	0	GeDang	500	0	GeDangJianMian	0	0	ChuanCi	0	0	PuGongJianMian	0	0	PuGongJiaShen	0	0	JiNengJianMian	0	0	JiNengJiaShen	0	0	ZhuanJinJianMian	0	0	ZhuanJinJiaShen	0	0	JianShuShangHaiJiaShen	0	0	FaShuShangHaiJiaShen	0	0	LeiXiShangHaiJiaShen	0	0	HuoXiShangHaiJiaShen	0	0	BingXiShangHaiJiaShen	0	0	FengXiShangHaiJiaShen	0	0	DuXiShangHaiJiaShen	0	0	JianShuShangHaiJianMian	0	0	FaShuShangHaiJianMian	0	0	LeiXiShangHaiJianMian	0	0	HuoXiShangHaiJianMian	0	0	BingXiShangHaiJianMian	0	0	FengXiShangHaiJianMian	0	0	DuXiShangHaiJianMian	0	0	XiXue	0	0						
2601	MaxHP	1296	0	HPHuiFuPerRoundRatio	0	0	SuDu	100	0	LiLiang	240	0	Lingli	330	0	ZhuanJing	330	0	MaxMP	300	0	MPHuiFuPerRound	50	0	MPChuShi	100	0	MPBeiJiHuiFu	100	0	MPGongJiHuiFu	100	0	GongJiLiMin	378	0	GongJiLiMax	486	0	FangYuLi	518	0	DuoChongDaJi	0	0	PoJia	0	0	PoJiaDiKang	0	0	BaoJi	500	0	RenXing	0	0	BaoJiShangHai	0	0	BaoJiJianMian	0	0	ShanBi	500	0	MingZhong	0	0	GeDang	500	0	GeDangJianMian	0	0	ChuanCi	0	0	PuGongJianMian	0	0	PuGongJiaShen	0	0	JiNengJianMian	0	0	JiNengJiaShen	0	0	ZhuanJinJianMian	0	0	ZhuanJinJiaShen	0	0	JianShuShangHaiJiaShen	0	0	FaShuShangHaiJiaShen	0	0	LeiXiShangHaiJiaShen	0	0	HuoXiShangHaiJiaShen	0	0	BingXiShangHaiJiaShen	2000	0	FengXiShangHaiJiaShen	0	0	DuXiShangHaiJiaShen	0	0	JianShuShangHaiJianMian	0	0	FaShuShangHaiJianMian	0	0	LeiXiShangHaiJianMian	0	0	HuoXiShangHaiJianMian	0	0	BingXiShangHaiJianMian	0	0	FengXiShangHaiJianMian	0	0	DuXiShangHaiJianMian	0	0	XiXue	0	0						
2701	MaxHP	1296	0	HPHuiFuPerRoundRatio	0	0	SuDu	100	0	LiLiang	360	0	Lingli	300	0	ZhuanJing	240	0	MaxMP	100	0	MPHuiFuPerRound	50	0	MPChuShi	100	0	MPBeiJiHuiFu	50	0	MPGongJiHuiFu	50	0	GongJiLiMin	394	0	GongJiLiMax	507	0	FangYuLi	518	0	DuoChongDaJi	0	0	PoJia	0	0	PoJiaDiKang	0	0	BaoJi	2000	0	RenXing	0	0	BaoJiShangHai	0	0	BaoJiJianMian	0	0	ShanBi	500	0	MingZhong	0	0	GeDang	500	0	GeDangJianMian	0	0	ChuanCi	0	0	PuGongJianMian	0	0	PuGongJiaShen	0	0	JiNengJianMian	0	0	JiNengJiaShen	0	0	ZhuanJinJianMian	0	0	ZhuanJinJiaShen	0	0	JianShuShangHaiJiaShen	0	0	FaShuShangHaiJiaShen	0	0	LeiXiShangHaiJiaShen	0	0	HuoXiShangHaiJiaShen	0	0	BingXiShangHaiJiaShen	0	0	FengXiShangHaiJiaShen	0	0	DuXiShangHaiJiaShen	0	0	JianShuShangHaiJianMian	0	0	FaShuShangHaiJianMian	0	0	LeiXiShangHaiJianMian	0	0	HuoXiShangHaiJianMian	0	0	BingXiShangHaiJianMian	0	0	FengXiShangHaiJianMian	0	0	DuXiShangHaiJianMian	0	0	XiXue	0	0	KuangZhanShiZhiXue	5000	0			
2801	MaxHP	1896	0	HPHuiFuPerRoundRatio	500	0	SuDu	100	0	LiLiang	240	0	Lingli	330	0	ZhuanJing	330	0	MaxMP	100	0	MPHuiFuPerRound	50	0	MPChuShi	100	0	MPBeiJiHuiFu	50	0	MPGongJiHuiFu	50	0	GongJiLiMin	348	0	GongJiLiMax	447	0	FangYuLi	518	0	DuoChongDaJi	0	0	PoJia	0	0	PoJiaDiKang	0	0	BaoJi	500	0	RenXing	0	0	BaoJiShangHai	0	0	BaoJiJianMian	0	0	ShanBi	500	0	MingZhong	0	0	GeDang	500	0	GeDangJianMian	0	0	ChuanCi	0	0	PuGongJianMian	0	0	PuGongJiaShen	0	0	JiNengJianMian	0	0	JiNengJiaShen	0	0	ZhuanJinJianMian	0	0	ZhuanJinJiaShen	0	0	JianShuShangHaiJiaShen	0	0	FaShuShangHaiJiaShen	0	0	LeiXiShangHaiJiaShen	0	0	HuoXiShangHaiJiaShen	0	0	BingXiShangHaiJiaShen	0	0	FengXiShangHaiJiaShen	0	0	DuXiShangHaiJiaShen	0	0	JianShuShangHaiJianMian	0	0	FaShuShangHaiJianMian	0	0	LeiXiShangHaiJianMian	0	0	HuoXiShangHaiJianMian	0	0	BingXiShangHaiJianMian	0	0	FengXiShangHaiJianMian	0	0	DuXiShangHaiJianMian	0	0	XiXue	0	0						
2901	MaxHP	1896	0	HPHuiFuPerRoundRatio	500	0	SuDu	100	0	LiLiang	360	0	Lingli	300	0	ZhuanJing	240	0	MaxMP	100	0	MPHuiFuPerRound	50	0	MPChuShi	100	0	MPBeiJiHuiFu	50	0	MPGongJiHuiFu	50	0	GongJiLiMin	348	0	GongJiLiMax	447	0	FangYuLi	518	0	DuoChongDaJi	0	0	PoJia	0	0	PoJiaDiKang	0	0	BaoJi	500	0	RenXing	0	0	BaoJiShangHai	0	0	BaoJiJianMian	0	0	ShanBi	500	0	MingZhong	0	0	GeDang	500	0	GeDangJianMian	0	0	ChuanCi	0	0	PuGongJianMian	0	0	PuGongJiaShen	0	0	JiNengJianMian	0	0	JiNengJiaShen	0	0	ZhuanJinJianMian	0	0	ZhuanJinJiaShen	0	0	JianShuShangHaiJiaShen	0	0	FaShuShangHaiJiaShen	0	0	LeiXiShangHaiJiaShen	0	0	HuoXiShangHaiJiaShen	0	0	BingXiShangHaiJiaShen	0	0	FengXiShangHaiJiaShen	0	0	DuXiShangHaiJiaShen	0	0	JianShuShangHaiJianMian	0	0	FaShuShangHaiJianMian	0	0	LeiXiShangHaiJianMian	0	0	HuoXiShangHaiJianMian	0	0	BingXiShangHaiJianMian	0	0	FengXiShangHaiJianMian	0	0	DuXiShangHaiJianMian	0	0	XiXue	0	0						
3001	MaxHP	561	0	HPHuiFuPerRoundRatio	1000	0	SuDu	100	0	LiLiang	330	0	Lingli	345	0	ZhuanJing	225	0	MaxMP	100	0	MPHuiFuPerRound	50	0	MPChuShi	100	0	MPBeiJiHuiFu	50	0	MPGongJiHuiFu	50	0	GongJiLiMin	685	0	GongJiLiMax	881	0	FangYuLi	622	0	DuoChongDaJi	0	0	PoJia	0	0	PoJiaDiKang	0	0	BaoJi	500	0	RenXing	0	0	BaoJiShangHai	0	0	BaoJiJianMian	0	0	ShanBi	500	0	MingZhong	0	0	GeDang	500	0	GeDangJianMian	0	0	ChuanCi	0	0	PuGongJianMian	0	0	PuGongJiaShen	0	0	JiNengJianMian	0	0	JiNengJiaShen	0	0	ZhuanJinJianMian	0	0	ZhuanJinJiaShen	0	0	JianShuShangHaiJiaShen	0	0	FaShuShangHaiJiaShen	0	0	LeiXiShangHaiJiaShen	0	0	HuoXiShangHaiJiaShen	0	0	BingXiShangHaiJiaShen	0	0	FengXiShangHaiJiaShen	0	0	DuXiShangHaiJiaShen	0	0	JianShuShangHaiJianMian	2000	0	FaShuShangHaiJianMian	0	0	LeiXiShangHaiJianMian	0	0	HuoXiShangHaiJianMian	0	0	BingXiShangHaiJianMian	0	0	FengXiShangHaiJianMian	0	0	DuXiShangHaiJianMian	0	0	XiXue	0	0						
3101	MaxHP	561	0	HPHuiFuPerRoundRatio	1000	0	SuDu	100	0	LiLiang	330	0	Lingli	345	0	ZhuanJing	225	0	MaxMP	100	0	MPHuiFuPerRound	50	0	MPChuShi	100	0	MPBeiJiHuiFu	50	0	MPGongJiHuiFu	50	0	GongJiLiMin	456	5000	GongJiLiMax	587	5000	FangYuLi	622	0	DuoChongDaJi	0	0	PoJia	0	0	PoJiaDiKang	0	0	BaoJi	500	0	RenXing	0	0	BaoJiShangHai	0	0	BaoJiJianMian	0	0	ShanBi	500	0	MingZhong	0	0	GeDang	500	0	GeDangJianMian	0	0	ChuanCi	0	0	PuGongJianMian	0	0	PuGongJiaShen	0	0	JiNengJianMian	0	0	JiNengJiaShen	0	0	ZhuanJinJianMian	0	0	ZhuanJinJiaShen	0	0	JianShuShangHaiJiaShen	0	0	FaShuShangHaiJiaShen	0	0	LeiXiShangHaiJiaShen	0	0	HuoXiShangHaiJiaShen	0	0	BingXiShangHaiJiaShen	0	0	FengXiShangHaiJiaShen	0	0	DuXiShangHaiJiaShen	0	0	JianShuShangHaiJianMian	2000	0	FaShuShangHaiJianMian	0	0	LeiXiShangHaiJianMian	0	0	HuoXiShangHaiJianMian	0	0	BingXiShangHaiJianMian	0	0	FengXiShangHaiJianMian	0	0	DuXiShangHaiJianMian	0	0	XiXue	0	0						
3201	MaxHP	561	0	HPHuiFuPerRoundRatio	1000	0	SuDu	100	0	LiLiang	240	0	Lingli	300	0	ZhuanJing	360	0	MaxMP	100	0	MPHuiFuPerRound	50	0	MPChuShi	100	0	MPBeiJiHuiFu	50	0	MPGongJiHuiFu	50	0	GongJiLiMin	685	0	GongJiLiMax	881	0	FangYuLi	622	0	DuoChongDaJi	0	0	PoJia	0	0	PoJiaDiKang	0	0	BaoJi	500	0	RenXing	0	0	BaoJiShangHai	0	0	BaoJiJianMian	0	0	ShanBi	500	0	MingZhong	0	0	GeDang	500	0	GeDangJianMian	0	0	ChuanCi	0	0	PuGongJianMian	0	0	PuGongJiaShen	0	0	JiNengJianMian	0	0	JiNengJiaShen	0	0	ZhuanJinJianMian	0	0	ZhuanJinJiaShen	0	0	JianShuShangHaiJiaShen	0	0	FaShuShangHaiJiaShen	0	0	LeiXiShangHaiJiaShen	0	0	HuoXiShangHaiJiaShen	0	0	BingXiShangHaiJiaShen	0	0	FengXiShangHaiJiaShen	0	0	DuXiShangHaiJiaShen	0	0	JianShuShangHaiJianMian	2000	0	FaShuShangHaiJianMian	0	0	LeiXiShangHaiJianMian	0	0	HuoXiShangHaiJianMian	0	0	BingXiShangHaiJianMian	0	0	FengXiShangHaiJianMian	0	0	DuXiShangHaiJianMian	0	0	XiXue	0	0						
3301	MaxHP	1896	0	HPHuiFuPerRoundRatio	500	0	SuDu	100	0	LiLiang	360	0	Lingli	300	0	ZhuanJing	240	0	MaxMP	100	0	MPHuiFuPerRound	50	0	MPChuShi	100	0	MPBeiJiHuiFu	50	0	MPGongJiHuiFu	50	0	GongJiLiMin	348	0	GongJiLiMax	447	0	FangYuLi	518	0	DuoChongDaJi	0	0	PoJia	0	0	PoJiaDiKang	0	0	BaoJi	500	0	RenXing	0	0	BaoJiShangHai	0	0	BaoJiJianMian	0	0	ShanBi	500	0	MingZhong	0	0	GeDang	500	0	GeDangJianMian	0	0	ChuanCi	0	0	PuGongJianMian	0	0	PuGongJiaShen	0	0	JiNengJianMian	0	0	JiNengJiaShen	0	0	ZhuanJinJianMian	0	0	ZhuanJinJiaShen	0	0	JianShuShangHaiJiaShen	0	0	FaShuShangHaiJiaShen	0	0	LeiXiShangHaiJiaShen	0	0	HuoXiShangHaiJiaShen	0	0	BingXiShangHaiJiaShen	0	0	FengXiShangHaiJiaShen	0	0	DuXiShangHaiJiaShen	0	0	JianShuShangHaiJianMian	0	0	FaShuShangHaiJianMian	0	0	LeiXiShangHaiJianMian	0	0	HuoXiShangHaiJianMian	0	0	BingXiShangHaiJianMian	0	0	FengXiShangHaiJianMian	0	0	DuXiShangHaiJianMian	0	0	XiXue	0	0						
3401	MaxHP	1896	0	HPHuiFuPerRoundRatio	500	0	SuDu	100	0	LiLiang	360	0	Lingli	300	0	ZhuanJing	240	0	MaxMP	100	0	MPHuiFuPerRound	50	0	MPChuShi	100	0	MPBeiJiHuiFu	50	0	MPGongJiHuiFu	50	0	GongJiLiMin	348	0	GongJiLiMax	447	0	FangYuLi	518	0	DuoChongDaJi	0	0	PoJia	0	0	PoJiaDiKang	0	0	BaoJi	500	0	RenXing	0	0	BaoJiShangHai	0	0	BaoJiJianMian	0	0	ShanBi	500	0	MingZhong	0	0	GeDang	500	0	GeDangJianMian	0	0	ChuanCi	0	0	PuGongJianMian	0	0	PuGongJiaShen	0	0	JiNengJianMian	0	0	JiNengJiaShen	0	0	ZhuanJinJianMian	0	0	ZhuanJinJiaShen	0	0	JianShuShangHaiJiaShen	0	0	FaShuShangHaiJiaShen	0	0	LeiXiShangHaiJiaShen	0	0	HuoXiShangHaiJiaShen	0	0	BingXiShangHaiJiaShen	0	0	FengXiShangHaiJiaShen	0	0	DuXiShangHaiJiaShen	0	0	JianShuShangHaiJianMian	0	0	FaShuShangHaiJianMian	0	0	LeiXiShangHaiJianMian	0	0	HuoXiShangHaiJianMian	0	0	BingXiShangHaiJianMian	0	0	FengXiShangHaiJianMian	0	0	DuXiShangHaiJianMian	0	0	XiXue	0	0						
3501	MaxHP	561	0	HPHuiFuPerRoundRatio	1000	0	SuDu	100	0	LiLiang	330	0	Lingli	345	0	ZhuanJing	225	0	MaxMP	100	0	MPHuiFuPerRound	50	0	MPChuShi	100	0	MPBeiJiHuiFu	50	0	MPGongJiHuiFu	50	0	GongJiLiMin	685	0	GongJiLiMax	881	0	FangYuLi	622	0	DuoChongDaJi	0	0	PoJia	0	0	PoJiaDiKang	0	0	BaoJi	500	0	RenXing	0	0	BaoJiShangHai	0	0	BaoJiJianMian	0	0	ShanBi	500	0	MingZhong	0	0	GeDang	500	0	GeDangJianMian	0	0	ChuanCi	0	0	PuGongJianMian	0	0	PuGongJiaShen	0	0	JiNengJianMian	0	0	JiNengJiaShen	0	0	ZhuanJinJianMian	0	0	ZhuanJinJiaShen	0	0	JianShuShangHaiJiaShen	0	0	FaShuShangHaiJiaShen	0	0	LeiXiShangHaiJiaShen	0	0	HuoXiShangHaiJiaShen	0	0	BingXiShangHaiJiaShen	0	0	FengXiShangHaiJiaShen	0	0	DuXiShangHaiJiaShen	0	0	JianShuShangHaiJianMian	2000	0	FaShuShangHaiJianMian	0	0	LeiXiShangHaiJianMian	0	0	HuoXiShangHaiJianMian	0	0	BingXiShangHaiJianMian	0	0	FengXiShangHaiJianMian	0	0	DuXiShangHaiJianMian	0	0	XiXue	0	0						
3601	MaxHP	561	0	HPHuiFuPerRoundRatio	1000	0	SuDu	100	0	LiLiang	240	0	Lingli	300	0	ZhuanJing	360	0	MaxMP	100	0	MPHuiFuPerRound	50	0	MPChuShi	100	0	MPBeiJiHuiFu	50	0	MPGongJiHuiFu	50	0	GongJiLiMin	685	0	GongJiLiMax	881	0	FangYuLi	622	0	DuoChongDaJi	0	0	PoJia	0	0	PoJiaDiKang	0	0	BaoJi	500	0	RenXing	0	0	BaoJiShangHai	0	0	BaoJiJianMian	0	0	ShanBi	500	0	MingZhong	0	0	GeDang	500	0	GeDangJianMian	0	0	ChuanCi	0	0	PuGongJianMian	0	0	PuGongJiaShen	0	0	JiNengJianMian	0	0	JiNengJiaShen	0	0	ZhuanJinJianMian	0	0	ZhuanJinJiaShen	0	0	JianShuShangHaiJiaShen	0	0	FaShuShangHaiJiaShen	0	0	LeiXiShangHaiJiaShen	0	0	HuoXiShangHaiJiaShen	0	0	BingXiShangHaiJiaShen	0	0	FengXiShangHaiJiaShen	0	0	DuXiShangHaiJiaShen	0	0	JianShuShangHaiJianMian	2000	0	FaShuShangHaiJianMian	0	0	LeiXiShangHaiJianMian	0	0	HuoXiShangHaiJianMian	0	0	BingXiShangHaiJianMian	0	0	FengXiShangHaiJianMian	0	0	DuXiShangHaiJianMian	0	0	XiXue	0	0						
100101	MaxHP	3000	0	HPHuiFuPerRoundRatio	0	0	SuDu	100	0	LiLiang	240	0	Lingli	330	0	ZhuanJing	330	0	MaxMP	100	0	MPHuiFuPerRound	50	0	MPChuShi	100	0	MPBeiJiHuiFu	50	0	MPGongJiHuiFu	50	0	GongJiLiMin	378	0	GongJiLiMax	486	0	FangYuLi	518	0	DuoChongDaJi	0	0	PoJia	0	0	PoJiaDiKang	0	0	BaoJi	500	0	RenXing	0	0	BaoJiShangHai	0	0	BaoJiJianMian	0	0	ShanBi	500	0	MingZhong	0	0	GeDang	500	0	GeDangJianMian	0	0	ChuanCi	0	0	PuGongJianMian	0	0	PuGongJiaShen	0	0	JiNengJianMian	0	0	JiNengJiaShen	0	0	ZhuanJinJianMian	0	0	ZhuanJinJiaShen	0	0	JianShuShangHaiJiaShen	0	0	FaShuShangHaiJiaShen	0	0	LeiXiShangHaiJiaShen	0	0	HuoXiShangHaiJiaShen	0	0	BingXiShangHaiJiaShen	2000	0	FengXiShangHaiJiaShen	0	0	DuXiShangHaiJiaShen	0	0	JianShuShangHaiJianMian	0	0	FaShuShangHaiJianMian	0	0	LeiXiShangHaiJianMian	0	0	HuoXiShangHaiJianMian	0	0	BingXiShangHaiJianMian	0	0	FengXiShangHaiJianMian	0	0	DuXiShangHaiJianMian	0	0	XiXue	0	0						
100201	MaxHP	1920	0	HPHuiFuPerRoundRatio	500	0	SuDu	100	0	LiLiang	300	0	Lingli	300	0	ZhuanJing	300	0	MaxMP	100	0	MPHuiFuPerRound	50	0	MPChuShi	100	0	MPBeiJiHuiFu	50	0	MPGongJiHuiFu	50	0	GongJiLiMin	453	0	GongJiLiMax	466	2500	FangYuLi	518	0	DuoChongDaJi	0	0	PoJia	0	0	PoJiaDiKang	0	0	BaoJi	500	0	RenXing	0	0	BaoJiShangHai	0	0	BaoJiJianMian	0	0	ShanBi	500	0	MingZhong	0	0	GeDang	500	0	GeDangJianMian	0	0	ChuanCi	0	0	PuGongJianMian	0	0	PuGongJiaShen	0	0	JiNengJianMian	0	0	JiNengJiaShen	0	0	ZhuanJinJianMian	0	0	ZhuanJinJiaShen	0	0	JianShuShangHaiJiaShen	0	0	FaShuShangHaiJiaShen	0	0	LeiXiShangHaiJiaShen	0	0	HuoXiShangHaiJiaShen	0	0	BingXiShangHaiJiaShen	0	0	FengXiShangHaiJiaShen	0	0	DuXiShangHaiJiaShen	0	0	JianShuShangHaiJianMian	0	0	FaShuShangHaiJianMian	0	0	LeiXiShangHaiJianMian	0	0	HuoXiShangHaiJianMian	0	0	BingXiShangHaiJianMian	0	0	FengXiShangHaiJianMian	0	0	DuXiShangHaiJianMian	0	0	XiXue	0	0						
100301	MaxHP	3200	0	HPHuiFuPerRoundRatio	0	0	SuDu	100	0	LiLiang	360	0	Lingli	300	0	ZhuanJing	240	0	MaxMP	100	0	MPHuiFuPerRound	50	0	MPChuShi	100	0	MPBeiJiHuiFu	50	0	MPGongJiHuiFu	50	0	GongJiLiMin	313	2500	GongJiLiMax	402	2500	FangYuLi	555	4000	DuoChongDaJi	0	0	PoJia	0	0	PoJiaDiKang	0	0	BaoJi	500	0	RenXing	0	0	BaoJiShangHai	0	0	BaoJiJianMian	0	0	ShanBi	500	0	MingZhong	0	0	GeDang	500	0	GeDangJianMian	0	0	ChuanCi	0	0	PuGongJianMian	2000	0	PuGongJiaShen	0	0	JiNengJianMian	2000	0	JiNengJiaShen	0	0	ZhuanJinJianMian	2000	0	ZhuanJinJiaShen	0	0	JianShuShangHaiJiaShen	0	0	FaShuShangHaiJiaShen	0	0	LeiXiShangHaiJiaShen	0	0	HuoXiShangHaiJiaShen	0	0	BingXiShangHaiJiaShen	0	0	FengXiShangHaiJiaShen	0	0	DuXiShangHaiJiaShen	0	0	JianShuShangHaiJianMian	0	0	FaShuShangHaiJianMian	0	0	LeiXiShangHaiJianMian	0	0	HuoXiShangHaiJianMian	0	0	BingXiShangHaiJianMian	0	0	FengXiShangHaiJianMian	0	0	DuXiShangHaiJianMian	0	0	XiXue	0	0						
100401	MaxHP	2400	0	HPHuiFuPerRoundRatio	0	0	SuDu	100	0	LiLiang	240	0	Lingli	330	0	ZhuanJing	330	0	MaxMP	100	0	MPHuiFuPerRound	50	0	MPChuShi	100	0	MPBeiJiHuiFu	50	0	MPGongJiHuiFu	50	0	GongJiLiMin	378	0	GongJiLiMax	486	0	FangYuLi	518	0	DuoChongDaJi	0	0	PoJia	0	0	PoJiaDiKang	0	0	BaoJi	500	0	RenXing	0	0	BaoJiShangHai	0	0	BaoJiJianMian	0	0	ShanBi	500	0	MingZhong	0	0	GeDang	500	0	GeDangJianMian	0	0	ChuanCi	0	0	PuGongJianMian	0	0	PuGongJiaShen	0	0	JiNengJianMian	0	0	JiNengJiaShen	0	0	ZhuanJinJianMian	0	0	ZhuanJinJiaShen	0	0	JianShuShangHaiJiaShen	0	0	FaShuShangHaiJiaShen	0	0	LeiXiShangHaiJiaShen	0	0	HuoXiShangHaiJiaShen	0	0	BingXiShangHaiJiaShen	2000	0	FengXiShangHaiJiaShen	0	0	DuXiShangHaiJiaShen	0	0	JianShuShangHaiJianMian	0	0	FaShuShangHaiJianMian	0	0	LeiXiShangHaiJianMian	0	0	HuoXiShangHaiJianMian	0	0	BingXiShangHaiJianMian	0	0	FengXiShangHaiJianMian	0	0	DuXiShangHaiJianMian	0	0	XiXue	0	0						
100501	MaxHP	1555	0	HPHuiFuPerRoundRatio	500	0	SuDu	100	0	LiLiang	300	0	Lingli	300	0	ZhuanJing	300	0	MaxMP	100	0	MPHuiFuPerRound	50	0	MPChuShi	100	0	MPBeiJiHuiFu	50	0	MPGongJiHuiFu	50	0	GongJiLiMin	453	0	GongJiLiMax	466	2500	FangYuLi	518	0	DuoChongDaJi	0	0	PoJia	0	0	PoJiaDiKang	0	0	BaoJi	500	0	RenXing	0	0	BaoJiShangHai	0	0	BaoJiJianMian	0	0	ShanBi	500	0	MingZhong	0	0	GeDang	500	0	GeDangJianMian	0	0	ChuanCi	0	0	PuGongJianMian	0	0	PuGongJiaShen	0	0	JiNengJianMian	0	0	JiNengJiaShen	0	0	ZhuanJinJianMian	0	0	ZhuanJinJiaShen	0	0	JianShuShangHaiJiaShen	0	0	FaShuShangHaiJiaShen	0	0	LeiXiShangHaiJiaShen	0	0	HuoXiShangHaiJiaShen	0	0	BingXiShangHaiJiaShen	0	0	FengXiShangHaiJiaShen	0	0	DuXiShangHaiJiaShen	0	0	JianShuShangHaiJianMian	0	0	FaShuShangHaiJianMian	0	0	LeiXiShangHaiJianMian	0	0	HuoXiShangHaiJianMian	0	0	BingXiShangHaiJianMian	0	0	FengXiShangHaiJianMian	0	0	DuXiShangHaiJianMian	0	0	XiXue	0	0						
100601	MaxHP	2160	0	HPHuiFuPerRoundRatio	0	0	SuDu	100	0	LiLiang	360	0	Lingli	300	0	ZhuanJing	240	0	MaxMP	100	0	MPHuiFuPerRound	50	0	MPChuShi	100	0	MPBeiJiHuiFu	50	0	MPGongJiHuiFu	50	0	GongJiLiMin	313	2500	GongJiLiMax	402	2500	FangYuLi	555	4000	DuoChongDaJi	0	0	PoJia	0	0	PoJiaDiKang	0	0	BaoJi	500	0	RenXing	0	0	BaoJiShangHai	0	0	BaoJiJianMian	0	0	ShanBi	500	0	MingZhong	0	0	GeDang	500	0	GeDangJianMian	0	0	ChuanCi	0	0	PuGongJianMian	2000	0	PuGongJiaShen	0	0	JiNengJianMian	2000	0	JiNengJiaShen	0	0	ZhuanJinJianMian	2000	0	ZhuanJinJiaShen	0	0	JianShuShangHaiJiaShen	0	0	FaShuShangHaiJiaShen	0	0	LeiXiShangHaiJiaShen	0	0	HuoXiShangHaiJiaShen	0	0	BingXiShangHaiJiaShen	0	0	FengXiShangHaiJiaShen	0	0	DuXiShangHaiJiaShen	0	0	JianShuShangHaiJianMian	0	0	FaShuShangHaiJianMian	0	0	LeiXiShangHaiJianMian	0	0	HuoXiShangHaiJianMian	0	0	BingXiShangHaiJianMian	0	0	FengXiShangHaiJianMian	0	0	DuXiShangHaiJianMian	0	0	XiXue	0	0						
100701	MaxHP	1554	0	HPHuiFuPerRoundRatio	0	0	SuDu	100	0	LiLiang	270	0	Lingli	360	0	ZhuanJing	270	0	MaxMP	100	0	MPHuiFuPerRound	50	0	MPChuShi	100	0	MPBeiJiHuiFu	50	0	MPGongJiHuiFu	50	0	GongJiLiMin	396	7500	GongJiLiMax	510	7500	FangYuLi	414	0	DuoChongDaJi	0	0	PoJia	0	0	PoJiaDiKang	0	0	BaoJi	500	0	RenXing	0	0	BaoJiShangHai	0	0	BaoJiJianMian	0	0	ShanBi	500	0	MingZhong	0	0	GeDang	500	0	GeDangJianMian	0	0	ChuanCi	0	0	PuGongJianMian	0	0	PuGongJiaShen	0	0	JiNengJianMian	0	0	JiNengJiaShen	0	0	ZhuanJinJianMian	0	0	ZhuanJinJiaShen	0	0	JianShuShangHaiJiaShen	0	0	FaShuShangHaiJiaShen	0	0	LeiXiShangHaiJiaShen	0	0	HuoXiShangHaiJiaShen	0	0	BingXiShangHaiJiaShen	0	0	FengXiShangHaiJiaShen	0	0	DuXiShangHaiJiaShen	0	0	JianShuShangHaiJianMian	0	0	FaShuShangHaiJianMian	0	0	LeiXiShangHaiJianMian	0	0	HuoXiShangHaiJianMian	0	0	BingXiShangHaiJianMian	0	0	FengXiShangHaiJianMian	0	0	DuXiShangHaiJianMian	0	0	XiXue	0	0						
100801	MaxHP	2592	0	HPHuiFuPerRoundRatio	0	0	SuDu	100	0	LiLiang	240	0	Lingli	330	0	ZhuanJing	330	0	MaxMP	100	0	MPHuiFuPerRound	50	0	MPChuShi	100	0	MPBeiJiHuiFu	50	0	MPGongJiHuiFu	50	0	GongJiLiMin	378	0	GongJiLiMax	486	0	FangYuLi	518	0	DuoChongDaJi	0	0	PoJia	0	0	PoJiaDiKang	0	0	BaoJi	500	0	RenXing	0	0	BaoJiShangHai	0	0	BaoJiJianMian	0	0	ShanBi	500	0	MingZhong	0	0	GeDang	500	0	GeDangJianMian	0	0	ChuanCi	0	0	PuGongJianMian	0	0	PuGongJiaShen	0	0	JiNengJianMian	0	0	JiNengJiaShen	0	0	ZhuanJinJianMian	0	0	ZhuanJinJiaShen	0	0	JianShuShangHaiJiaShen	0	0	FaShuShangHaiJiaShen	0	0	LeiXiShangHaiJiaShen	0	0	HuoXiShangHaiJiaShen	0	0	BingXiShangHaiJiaShen	2000	0	FengXiShangHaiJiaShen	0	0	DuXiShangHaiJiaShen	0	0	JianShuShangHaiJianMian	0	0	FaShuShangHaiJianMian	0	0	LeiXiShangHaiJianMian	0	0	HuoXiShangHaiJianMian	0	0	BingXiShangHaiJianMian	0	0	FengXiShangHaiJianMian	0	0	DuXiShangHaiJianMian	0	0	XiXue	0	0						
100901	MaxHP	8000	0	HPHuiFuPerRoundRatio	0	0	SuDu	100	0	LiLiang	330	0	Lingli	345	0	ZhuanJing	225	0	MaxMP	100	0	MPHuiFuPerRound	50	0	MPChuShi	100	0	MPBeiJiHuiFu	50	0	MPGongJiHuiFu	50	0	GongJiLiMin	453	0	GongJiLiMax	583	0	FangYuLi	518	0	DuoChongDaJi	0	0	PoJia	0	0	PoJiaDiKang	0	0	BaoJi	500	0	RenXing	0	0	BaoJiShangHai	0	0	BaoJiJianMian	0	0	ShanBi	500	0	MingZhong	0	0	GeDang	500	0	GeDangJianMian	0	0	ChuanCi	0	0	PuGongJianMian	0	0	PuGongJiaShen	0	0	JiNengJianMian	0	0	JiNengJiaShen	0	0	ZhuanJinJianMian	0	0	ZhuanJinJiaShen	0	0	JianShuShangHaiJiaShen	0	0	FaShuShangHaiJiaShen	0	0	LeiXiShangHaiJiaShen	0	0	HuoXiShangHaiJiaShen	0	0	BingXiShangHaiJiaShen	0	0	FengXiShangHaiJiaShen	0	0	DuXiShangHaiJiaShen	0	0	JianShuShangHaiJianMian	0	0	FaShuShangHaiJianMian	0	0	LeiXiShangHaiJianMian	0	0	HuoXiShangHaiJianMian	0	0	BingXiShangHaiJianMian	0	0	FengXiShangHaiJianMian	0	0	DuXiShangHaiJianMian	0	0	XiXue	0	0						
101001	MaxHP	4500	0	HPHuiFuPerRoundRatio	0	0	SuDu	100	0	LiLiang	330	0	Lingli	345	0	ZhuanJing	225	0	MaxMP	100	0	MPHuiFuPerRound	50	0	MPChuShi	100	0	MPBeiJiHuiFu	50	0	MPGongJiHuiFu	50	0	GongJiLiMin	453	0	GongJiLiMax	583	0	FangYuLi	518	0	DuoChongDaJi	0	0	PoJia	0	0	PoJiaDiKang	0	0	BaoJi	500	0	RenXing	0	0	BaoJiShangHai	0	0	BaoJiJianMian	0	0	ShanBi	2500	0	MingZhong	0	0	GeDang	500	0	GeDangJianMian	0	0	ChuanCi	0	0	PuGongJianMian	0	0	PuGongJiaShen	0	0	JiNengJianMian	0	0	JiNengJiaShen	0	0	ZhuanJinJianMian	0	0	ZhuanJinJiaShen	0	0	JianShuShangHaiJiaShen	0	0	FaShuShangHaiJiaShen	0	0	LeiXiShangHaiJiaShen	0	0	HuoXiShangHaiJiaShen	0	0	BingXiShangHaiJiaShen	0	0	FengXiShangHaiJiaShen	0	0	DuXiShangHaiJiaShen	0	0	JianShuShangHaiJianMian	0	0	FaShuShangHaiJianMian	0	0	LeiXiShangHaiJianMian	0	0	HuoXiShangHaiJianMian	0	0	BingXiShangHaiJianMian	0	0	FengXiShangHaiJianMian	0	0	DuXiShangHaiJianMian	0	0	XiXue	0	0						
101101	MaxHP	6000	0	HPHuiFuPerRoundRatio	0	0	SuDu	100	0	LiLiang	330	0	Lingli	345	0	ZhuanJing	225	0	MaxMP	100	0	MPHuiFuPerRound	50	0	MPChuShi	100	0	MPBeiJiHuiFu	50	0	MPGongJiHuiFu	50	0	GongJiLiMin	453	0	GongJiLiMax	583	0	FangYuLi	518	0	DuoChongDaJi	0	0	PoJia	0	0	PoJiaDiKang	0	0	BaoJi	500	0	RenXing	0	0	BaoJiShangHai	0	0	BaoJiJianMian	0	0	ShanBi	500	0	MingZhong	0	0	GeDang	500	0	GeDangJianMian	0	0	ChuanCi	0	0	PuGongJianMian	0	0	PuGongJiaShen	0	0	JiNengJianMian	0	0	JiNengJiaShen	0	0	ZhuanJinJianMian	0	0	ZhuanJinJiaShen	0	0	JianShuShangHaiJiaShen	0	0	FaShuShangHaiJiaShen	0	0	LeiXiShangHaiJiaShen	0	0	HuoXiShangHaiJiaShen	0	0	BingXiShangHaiJiaShen	0	0	FengXiShangHaiJiaShen	0	0	DuXiShangHaiJiaShen	0	0	JianShuShangHaiJianMian	0	0	FaShuShangHaiJianMian	0	0	LeiXiShangHaiJianMian	0	0	HuoXiShangHaiJianMian	0	0	BingXiShangHaiJianMian	0	0	FengXiShangHaiJianMian	0	0	DuXiShangHaiJianMian	0	0	XiXue	0	0						
101201	MaxHP	3500	0	HPHuiFuPerRoundRatio	0	0	SuDu	100	0	LiLiang	330	0	Lingli	345	0	ZhuanJing	225	0	MaxMP	100	0	MPHuiFuPerRound	50	0	MPChuShi	100	0	MPBeiJiHuiFu	50	0	MPGongJiHuiFu	50	0	GongJiLiMin	453	0	GongJiLiMax	583	0	FangYuLi	518	0	DuoChongDaJi	0	0	PoJia	0	0	PoJiaDiKang	0	0	BaoJi	500	0	RenXing	0	0	BaoJiShangHai	0	0	BaoJiJianMian	0	0	ShanBi	2500	0	MingZhong	0	0	GeDang	500	0	GeDangJianMian	0	0	ChuanCi	0	0	PuGongJianMian	0	0	PuGongJiaShen	0	0	JiNengJianMian	0	0	JiNengJiaShen	0	0	ZhuanJinJianMian	0	0	ZhuanJinJiaShen	0	0	JianShuShangHaiJiaShen	0	0	FaShuShangHaiJiaShen	0	0	LeiXiShangHaiJiaShen	0	0	HuoXiShangHaiJiaShen	0	0	BingXiShangHaiJiaShen	0	0	FengXiShangHaiJiaShen	0	0	DuXiShangHaiJiaShen	0	0	JianShuShangHaiJianMian	0	0	FaShuShangHaiJianMian	0	0	LeiXiShangHaiJianMian	0	0	HuoXiShangHaiJianMian	0	0	BingXiShangHaiJianMian	0	0	FengXiShangHaiJianMian	0	0	DuXiShangHaiJianMian	0	0	XiXue	0	0						
101301	MaxHP	5184	0	HPHuiFuPerRoundRatio	0	0	SuDu	100	0	LiLiang	330	0	Lingli	345	0	ZhuanJing	225	0	MaxMP	100	0	MPHuiFuPerRound	50	0	MPChuShi	100	0	MPBeiJiHuiFu	50	0	MPGongJiHuiFu	50	0	GongJiLiMin	453	0	GongJiLiMax	583	0	FangYuLi	518	0	DuoChongDaJi	0	0	PoJia	0	0	PoJiaDiKang	0	0	BaoJi	500	0	RenXing	0	0	BaoJiShangHai	0	0	BaoJiJianMian	0	0	ShanBi	500	0	MingZhong	0	0	GeDang	500	0	GeDangJianMian	0	0	ChuanCi	0	0	PuGongJianMian	0	0	PuGongJiaShen	0	0	JiNengJianMian	0	0	JiNengJiaShen	0	0	ZhuanJinJianMian	0	0	ZhuanJinJiaShen	0	0	JianShuShangHaiJiaShen	0	0	FaShuShangHaiJiaShen	0	0	LeiXiShangHaiJiaShen	0	0	HuoXiShangHaiJiaShen	0	0	BingXiShangHaiJiaShen	0	0	FengXiShangHaiJiaShen	0	0	DuXiShangHaiJiaShen	0	0	JianShuShangHaiJianMian	0	0	FaShuShangHaiJianMian	0	0	LeiXiShangHaiJianMian	0	0	HuoXiShangHaiJianMian	0	0	BingXiShangHaiJianMian	0	0	FengXiShangHaiJianMian	0	0	DuXiShangHaiJianMian	0	0	XiXue	0	0						
101401	MaxHP	4504	0	HPHuiFuPerRoundRatio	0	0	SuDu	100	0	LiLiang	300	0	Lingli	300	0	ZhuanJing	300	0	MaxMP	100	0	MPHuiFuPerRound	50	0	MPChuShi	100	0	MPBeiJiHuiFu	50	0	MPGongJiHuiFu	50	0	GongJiLiMin	270	0	GongJiLiMax	347	0	FangYuLi	518	0	DuoChongDaJi	0	0	PoJia	0	0	PoJiaDiKang	0	0	BaoJi	500	0	RenXing	0	0	BaoJiShangHai	0	0	BaoJiJianMian	0	0	ShanBi	500	0	MingZhong	4000	0	GeDang	500	0	GeDangJianMian	0	0	ChuanCi	0	0	PuGongJianMian	0	0	PuGongJiaShen	0	0	JiNengJianMian	0	0	JiNengJiaShen	0	0	ZhuanJinJianMian	0	0	ZhuanJinJiaShen	0	0	JianShuShangHaiJiaShen	0	0	FaShuShangHaiJiaShen	0	0	LeiXiShangHaiJiaShen	0	0	HuoXiShangHaiJiaShen	0	0	BingXiShangHaiJiaShen	0	0	FengXiShangHaiJiaShen	2000	0	DuXiShangHaiJiaShen	0	0	JianShuShangHaiJianMian	0	0	FaShuShangHaiJianMian	0	0	LeiXiShangHaiJianMian	0	0	HuoXiShangHaiJianMian	0	0	BingXiShangHaiJianMian	0	0	FengXiShangHaiJianMian	0	0	DuXiShangHaiJianMian	0	0	XiXue	0	0						
101501	MaxHP	4320	0	HPHuiFuPerRoundRatio	0	0	SuDu	100	0	LiLiang	330	0	Lingli	345	0	ZhuanJing	225	0	MaxMP	100	0	MPHuiFuPerRound	50	0	MPChuShi	100	0	MPBeiJiHuiFu	50	0	MPGongJiHuiFu	50	0	GongJiLiMin	453	0	GongJiLiMax	583	0	FangYuLi	518	0	DuoChongDaJi	0	0	PoJia	0	0	PoJiaDiKang	0	0	BaoJi	500	0	RenXing	0	0	BaoJiShangHai	0	0	BaoJiJianMian	0	0	ShanBi	2500	0	MingZhong	0	0	GeDang	500	0	GeDangJianMian	0	0	ChuanCi	0	0	PuGongJianMian	0	0	PuGongJiaShen	0	0	JiNengJianMian	0	0	JiNengJiaShen	0	0	ZhuanJinJianMian	0	0	ZhuanJinJiaShen	0	0	JianShuShangHaiJiaShen	0	0	FaShuShangHaiJiaShen	0	0	LeiXiShangHaiJiaShen	0	0	HuoXiShangHaiJiaShen	0	0	BingXiShangHaiJiaShen	0	0	FengXiShangHaiJiaShen	0	0	DuXiShangHaiJiaShen	0	0	JianShuShangHaiJianMian	0	0	FaShuShangHaiJianMian	0	0	LeiXiShangHaiJianMian	0	0	HuoXiShangHaiJianMian	0	0	BingXiShangHaiJianMian	0	0	FengXiShangHaiJianMian	0	0	DuXiShangHaiJianMian	0	0	XiXue	0	0						
101601	MaxHP	1296	0	HPHuiFuPerRoundRatio	0	0	SuDu	100	0	LiLiang	330	0	Lingli	345	0	ZhuanJing	225	0	MaxMP	100	0	MPHuiFuPerRound	50	0	MPChuShi	100	0	MPBeiJiHuiFu	50	0	MPGongJiHuiFu	50	0	GongJiLiMin	453	0	GongJiLiMax	583	0	FangYuLi	518	0	DuoChongDaJi	0	0	PoJia	0	0	PoJiaDiKang	0	0	BaoJi	500	0	RenXing	0	0	BaoJiShangHai	0	0	BaoJiJianMian	0	0	ShanBi	500	0	MingZhong	0	0	GeDang	500	0	GeDangJianMian	0	0	ChuanCi	0	0	PuGongJianMian	0	0	PuGongJiaShen	0	0	JiNengJianMian	0	0	JiNengJiaShen	0	0	ZhuanJinJianMian	0	0	ZhuanJinJiaShen	0	0	JianShuShangHaiJiaShen	0	0	FaShuShangHaiJiaShen	0	0	LeiXiShangHaiJiaShen	0	0	HuoXiShangHaiJiaShen	0	0	BingXiShangHaiJiaShen	0	0	FengXiShangHaiJiaShen	0	0	DuXiShangHaiJiaShen	0	0	JianShuShangHaiJianMian	0	0	FaShuShangHaiJianMian	0	0	LeiXiShangHaiJianMian	0	0	HuoXiShangHaiJianMian	0	0	BingXiShangHaiJianMian	0	0	FengXiShangHaiJianMian	0	0	DuXiShangHaiJianMian	0	0	XiXue	0	0						
101701	MaxHP	1080	0	HPHuiFuPerRoundRatio	0	0	SuDu	100	0	LiLiang	360	0	Lingli	300	0	ZhuanJing	240	0	MaxMP	100	0	MPHuiFuPerRound	50	0	MPChuShi	100	0	MPBeiJiHuiFu	50	0	MPGongJiHuiFu	50	0	GongJiLiMin	313	2500	GongJiLiMax	402	2500	FangYuLi	555	4000	DuoChongDaJi	0	0	PoJia	0	0	PoJiaDiKang	0	0	BaoJi	500	0	RenXing	0	0	BaoJiShangHai	0	0	BaoJiJianMian	0	0	ShanBi	500	0	MingZhong	0	0	GeDang	500	0	GeDangJianMian	0	0	ChuanCi	0	0	PuGongJianMian	2000	0	PuGongJiaShen	0	0	JiNengJianMian	2000	0	JiNengJiaShen	0	0	ZhuanJinJianMian	2000	0	ZhuanJinJiaShen	0	0	JianShuShangHaiJiaShen	0	0	FaShuShangHaiJiaShen	0	0	LeiXiShangHaiJiaShen	0	0	HuoXiShangHaiJiaShen	0	0	BingXiShangHaiJiaShen	0	0	FengXiShangHaiJiaShen	0	0	DuXiShangHaiJiaShen	0	0	JianShuShangHaiJianMian	0	0	FaShuShangHaiJianMian	0	0	LeiXiShangHaiJianMian	0	0	HuoXiShangHaiJianMian	0	0	BingXiShangHaiJianMian	0	0	FengXiShangHaiJianMian	0	0	DuXiShangHaiJianMian	0	0	XiXue	0	0						
101801	MaxHP	1126	0	HPHuiFuPerRoundRatio	0	0	SuDu	100	0	LiLiang	300	0	Lingli	300	0	ZhuanJing	300	0	MaxMP	100	0	MPHuiFuPerRound	50	0	MPChuShi	100	0	MPBeiJiHuiFu	50	0	MPGongJiHuiFu	50	0	GongJiLiMin	270	0	GongJiLiMax	347	0	FangYuLi	518	0	DuoChongDaJi	0	0	PoJia	0	0	PoJiaDiKang	0	0	BaoJi	500	0	RenXing	0	0	BaoJiShangHai	0	0	BaoJiJianMian	0	0	ShanBi	500	0	MingZhong	4000	0	GeDang	500	0	GeDangJianMian	0	0	ChuanCi	0	0	PuGongJianMian	0	0	PuGongJiaShen	0	0	JiNengJianMian	0	0	JiNengJiaShen	0	0	ZhuanJinJianMian	0	0	ZhuanJinJiaShen	0	0	JianShuShangHaiJiaShen	0	0	FaShuShangHaiJiaShen	0	0	LeiXiShangHaiJiaShen	0	0	HuoXiShangHaiJiaShen	0	0	BingXiShangHaiJiaShen	0	0	FengXiShangHaiJiaShen	2000	0	DuXiShangHaiJiaShen	0	0	JianShuShangHaiJianMian	0	0	FaShuShangHaiJianMian	0	0	LeiXiShangHaiJianMian	0	0	HuoXiShangHaiJianMian	0	0	BingXiShangHaiJianMian	0	0	FengXiShangHaiJianMian	0	0	DuXiShangHaiJianMian	0	0	XiXue	0	0						
101901	MaxHP	1080	0	HPHuiFuPerRoundRatio	0	0	SuDu	100	0	LiLiang	330	0	Lingli	345	0	ZhuanJing	225	0	MaxMP	100	0	MPHuiFuPerRound	50	0	MPChuShi	100	0	MPBeiJiHuiFu	50	0	MPGongJiHuiFu	50	0	GongJiLiMin	453	0	GongJiLiMax	583	0	FangYuLi	518	0	DuoChongDaJi	0	0	PoJia	0	0	PoJiaDiKang	0	0	BaoJi	500	0	RenXing	0	0	BaoJiShangHai	0	0	BaoJiJianMian	0	0	ShanBi	2500	0	MingZhong	0	0	GeDang	500	0	GeDangJianMian	0	0	ChuanCi	0	0	PuGongJianMian	0	0	PuGongJiaShen	0	0	JiNengJianMian	0	0	JiNengJiaShen	0	0	ZhuanJinJianMian	0	0	ZhuanJinJiaShen	0	0	JianShuShangHaiJiaShen	0	0	FaShuShangHaiJiaShen	0	0	LeiXiShangHaiJiaShen	0	0	HuoXiShangHaiJiaShen	0	0	BingXiShangHaiJiaShen	0	0	FengXiShangHaiJiaShen	0	0	DuXiShangHaiJiaShen	0	0	JianShuShangHaiJianMian	0	0	FaShuShangHaiJianMian	0	0	LeiXiShangHaiJianMian	0	0	HuoXiShangHaiJianMian	0	0	BingXiShangHaiJianMian	0	0	FengXiShangHaiJianMian	0	0	DuXiShangHaiJianMian	0	0	XiXue	0	0						
102001	MaxHP	1296	0	HPHuiFuPerRoundRatio	0	0	SuDu	100	0	LiLiang	240	0	Lingli	330	0	ZhuanJing	330	0	MaxMP	100	0	MPHuiFuPerRound	50	0	MPChuShi	100	0	MPBeiJiHuiFu	50	0	MPGongJiHuiFu	50	0	GongJiLiMin	378	0	GongJiLiMax	486	0	FangYuLi	518	0	DuoChongDaJi	0	0	PoJia	0	0	PoJiaDiKang	0	0	BaoJi	500	0	RenXing	0	0	BaoJiShangHai	0	0	BaoJiJianMian	0	0	ShanBi	500	0	MingZhong	0	0	GeDang	500	0	GeDangJianMian	0	0	ChuanCi	0	0	PuGongJianMian	0	0	PuGongJiaShen	0	0	JiNengJianMian	0	0	JiNengJiaShen	0	0	ZhuanJinJianMian	0	0	ZhuanJinJiaShen	0	0	JianShuShangHaiJiaShen	0	0	FaShuShangHaiJiaShen	0	0	LeiXiShangHaiJiaShen	0	0	HuoXiShangHaiJiaShen	0	0	BingXiShangHaiJiaShen	2000	0	FengXiShangHaiJiaShen	0	0	DuXiShangHaiJiaShen	0	0	JianShuShangHaiJianMian	0	0	FaShuShangHaiJianMian	0	0	LeiXiShangHaiJianMian	0	0	HuoXiShangHaiJianMian	0	0	BingXiShangHaiJianMian	0	0	FengXiShangHaiJianMian	0	0	DuXiShangHaiJianMian	0	0	XiXue	0	0						
102101	MaxHP	1137	0	HPHuiFuPerRoundRatio	500	0	SuDu	100	0	LiLiang	300	0	Lingli	300	0	ZhuanJing	300	0	MaxMP	100	0	MPHuiFuPerRound	50	0	MPChuShi	100	0	MPBeiJiHuiFu	50	0	MPGongJiHuiFu	50	0	GongJiLiMin	453	0	GongJiLiMax	466	2500	FangYuLi	518	0	DuoChongDaJi	0	0	PoJia	0	0	PoJiaDiKang	0	0	BaoJi	500	0	RenXing	0	0	BaoJiShangHai	0	0	BaoJiJianMian	0	0	ShanBi	500	0	MingZhong	0	0	GeDang	500	0	GeDangJianMian	0	0	ChuanCi	0	0	PuGongJianMian	0	0	PuGongJiaShen	0	0	JiNengJianMian	0	0	JiNengJiaShen	0	0	ZhuanJinJianMian	0	0	ZhuanJinJiaShen	0	0	JianShuShangHaiJiaShen	0	0	FaShuShangHaiJiaShen	0	0	LeiXiShangHaiJiaShen	0	0	HuoXiShangHaiJiaShen	0	0	BingXiShangHaiJiaShen	0	0	FengXiShangHaiJiaShen	0	0	DuXiShangHaiJiaShen	0	0	JianShuShangHaiJianMian	0	0	FaShuShangHaiJianMian	0	0	LeiXiShangHaiJianMian	0	0	HuoXiShangHaiJianMian	0	0	BingXiShangHaiJianMian	0	0	FengXiShangHaiJianMian	0	0	DuXiShangHaiJianMian	0	0	XiXue	0	0						
102201	MaxHP	1564	0	HPHuiFuPerRoundRatio	500	0	SuDu	100	0	LiLiang	330	0	Lingli	345	0	ZhuanJing	225	0	MaxMP	100	0	MPHuiFuPerRound	50	0	MPChuShi	100	0	MPBeiJiHuiFu	50	0	MPGongJiHuiFu	50	0	GongJiLiMin	412	1000	GongJiLiMax	530	1000	FangYuLi	518	0	DuoChongDaJi	0	0	PoJia	0	0	PoJiaDiKang	0	0	BaoJi	500	0	RenXing	0	0	BaoJiShangHai	0	0	BaoJiJianMian	0	0	ShanBi	500	0	MingZhong	0	0	GeDang	500	0	GeDangJianMian	0	0	ChuanCi	0	0	PuGongJianMian	0	0	PuGongJiaShen	0	0	JiNengJianMian	0	0	JiNengJiaShen	0	0	ZhuanJinJianMian	0	0	ZhuanJinJiaShen	0	0	JianShuShangHaiJiaShen	0	0	FaShuShangHaiJiaShen	0	0	LeiXiShangHaiJiaShen	0	0	HuoXiShangHaiJiaShen	0	0	BingXiShangHaiJiaShen	0	0	FengXiShangHaiJiaShen	0	0	DuXiShangHaiJiaShen	0	0	JianShuShangHaiJianMian	0	0	FaShuShangHaiJianMian	0	0	LeiXiShangHaiJianMian	0	0	HuoXiShangHaiJianMian	0	0	BingXiShangHaiJianMian	0	0	FengXiShangHaiJianMian	0	0	DuXiShangHaiJianMian	0	0	XiXue	0	0						
102301	MaxHP	777	0	HPHuiFuPerRoundRatio	0	0	SuDu	100	0	LiLiang	270	0	Lingli	360	0	ZhuanJing	270	0	MaxMP	100	0	MPHuiFuPerRound	50	0	MPChuShi	100	0	MPBeiJiHuiFu	50	0	MPGongJiHuiFu	50	0	GongJiLiMin	396	7500	GongJiLiMax	510	7500	FangYuLi	414	0	DuoChongDaJi	0	0	PoJia	0	0	PoJiaDiKang	0	0	BaoJi	500	0	RenXing	0	0	BaoJiShangHai	0	0	BaoJiJianMian	0	0	ShanBi	500	0	MingZhong	0	0	GeDang	500	0	GeDangJianMian	0	0	ChuanCi	0	0	PuGongJianMian	0	0	PuGongJiaShen	0	0	JiNengJianMian	0	0	JiNengJiaShen	0	0	ZhuanJinJianMian	0	0	ZhuanJinJiaShen	0	0	JianShuShangHaiJiaShen	0	0	FaShuShangHaiJiaShen	0	0	LeiXiShangHaiJiaShen	0	0	HuoXiShangHaiJiaShen	0	0	BingXiShangHaiJiaShen	0	0	FengXiShangHaiJiaShen	0	0	DuXiShangHaiJiaShen	0	0	JianShuShangHaiJianMian	0	0	FaShuShangHaiJianMian	0	0	LeiXiShangHaiJianMian	0	0	HuoXiShangHaiJianMian	0	0	BingXiShangHaiJianMian	0	0	FengXiShangHaiJianMian	0	0	DuXiShangHaiJianMian	0	0	XiXue	0	0						
102401	MaxHP	1620	0	HPHuiFuPerRoundRatio	0	0	SuDu	100	0	LiLiang	330	0	Lingli	345	0	ZhuanJing	225	0	MaxMP	100	0	MPHuiFuPerRound	50	0	MPChuShi	50	0	MPBeiJiHuiFu	50	0	MPGongJiHuiFu	50	0	GongJiLiMin	453	0	GongJiLiMax	583	0	FangYuLi	518	0	DuoChongDaJi	0	0	PoJia	0	0	PoJiaDiKang	0	0	BaoJi	500	0	RenXing	0	0	BaoJiShangHai	0	0	BaoJiJianMian	0	0	ShanBi	500	0	MingZhong	0	0	GeDang	500	0	GeDangJianMian	0	0	ChuanCi	0	0	PuGongJianMian	0	0	PuGongJiaShen	0	0	JiNengJianMian	0	0	JiNengJiaShen	0	0	ZhuanJinJianMian	0	0	ZhuanJinJiaShen	0	0	JianShuShangHaiJiaShen	0	0	FaShuShangHaiJiaShen	0	0	LeiXiShangHaiJiaShen	0	0	HuoXiShangHaiJiaShen	0	0	BingXiShangHaiJiaShen	0	0	FengXiShangHaiJiaShen	0	0	DuXiShangHaiJiaShen	0	0	JianShuShangHaiJianMian	0	0	FaShuShangHaiJianMian	0	0	LeiXiShangHaiJianMian	0	0	HuoXiShangHaiJianMian	0	0	BingXiShangHaiJianMian	0	0	FengXiShangHaiJianMian	0	0	DuXiShangHaiJianMian	0	0	XiXue	0	0						
102501	MaxHP	1350	0	HPHuiFuPerRoundRatio	0	0	SuDu	100	0	LiLiang	360	0	Lingli	300	0	ZhuanJing	240	0	MaxMP	100	0	MPHuiFuPerRound	50	0	MPChuShi	50	0	MPBeiJiHuiFu	50	0	MPGongJiHuiFu	50	0	GongJiLiMin	313	2500	GongJiLiMax	402	2500	FangYuLi	555	4000	DuoChongDaJi	0	0	PoJia	0	0	PoJiaDiKang	0	0	BaoJi	500	0	RenXing	0	0	BaoJiShangHai	0	0	BaoJiJianMian	0	0	ShanBi	500	0	MingZhong	0	0	GeDang	500	0	GeDangJianMian	0	0	ChuanCi	0	0	PuGongJianMian	2000	0	PuGongJiaShen	0	0	JiNengJianMian	2000	0	JiNengJiaShen	0	0	ZhuanJinJianMian	2000	0	ZhuanJinJiaShen	0	0	JianShuShangHaiJiaShen	0	0	FaShuShangHaiJiaShen	0	0	LeiXiShangHaiJiaShen	0	0	HuoXiShangHaiJiaShen	0	0	BingXiShangHaiJiaShen	0	0	FengXiShangHaiJiaShen	0	0	DuXiShangHaiJiaShen	0	0	JianShuShangHaiJianMian	0	0	FaShuShangHaiJianMian	0	0	LeiXiShangHaiJianMian	0	0	HuoXiShangHaiJianMian	0	0	BingXiShangHaiJianMian	0	0	FengXiShangHaiJianMian	0	0	DuXiShangHaiJianMian	0	0	XiXue	0	0						
102601	MaxHP	1407	0	HPHuiFuPerRoundRatio	0	0	SuDu	100	0	LiLiang	300	0	Lingli	300	0	ZhuanJing	300	0	MaxMP	100	0	MPHuiFuPerRound	50	0	MPChuShi	50	0	MPBeiJiHuiFu	50	0	MPGongJiHuiFu	50	0	GongJiLiMin	270	0	GongJiLiMax	347	0	FangYuLi	518	0	DuoChongDaJi	0	0	PoJia	0	0	PoJiaDiKang	0	0	BaoJi	500	0	RenXing	0	0	BaoJiShangHai	0	0	BaoJiJianMian	0	0	ShanBi	500	0	MingZhong	4000	0	GeDang	500	0	GeDangJianMian	0	0	ChuanCi	0	0	PuGongJianMian	0	0	PuGongJiaShen	0	0	JiNengJianMian	0	0	JiNengJiaShen	0	0	ZhuanJinJianMian	0	0	ZhuanJinJiaShen	0	0	JianShuShangHaiJiaShen	0	0	FaShuShangHaiJiaShen	0	0	LeiXiShangHaiJiaShen	0	0	HuoXiShangHaiJiaShen	0	0	BingXiShangHaiJiaShen	0	0	FengXiShangHaiJiaShen	2000	0	DuXiShangHaiJiaShen	0	0	JianShuShangHaiJianMian	0	0	FaShuShangHaiJianMian	0	0	LeiXiShangHaiJianMian	0	0	HuoXiShangHaiJianMian	0	0	BingXiShangHaiJianMian	0	0	FengXiShangHaiJianMian	0	0	DuXiShangHaiJianMian	0	0	XiXue	0	0						
102701	MaxHP	1350	0	HPHuiFuPerRoundRatio	0	0	SuDu	100	0	LiLiang	330	0	Lingli	345	0	ZhuanJing	225	0	MaxMP	100	0	MPHuiFuPerRound	50	0	MPChuShi	50	0	MPBeiJiHuiFu	50	0	MPGongJiHuiFu	50	0	GongJiLiMin	453	0	GongJiLiMax	583	0	FangYuLi	518	0	DuoChongDaJi	0	0	PoJia	0	0	PoJiaDiKang	0	0	BaoJi	500	0	RenXing	0	0	BaoJiShangHai	0	0	BaoJiJianMian	0	0	ShanBi	2500	0	MingZhong	0	0	GeDang	500	0	GeDangJianMian	0	0	ChuanCi	0	0	PuGongJianMian	0	0	PuGongJiaShen	0	0	JiNengJianMian	0	0	JiNengJiaShen	0	0	ZhuanJinJianMian	0	0	ZhuanJinJiaShen	0	0	JianShuShangHaiJiaShen	0	0	FaShuShangHaiJiaShen	0	0	LeiXiShangHaiJiaShen	0	0	HuoXiShangHaiJiaShen	0	0	BingXiShangHaiJiaShen	0	0	FengXiShangHaiJiaShen	0	0	DuXiShangHaiJiaShen	0	0	JianShuShangHaiJianMian	0	0	FaShuShangHaiJianMian	0	0	LeiXiShangHaiJianMian	0	0	HuoXiShangHaiJianMian	0	0	BingXiShangHaiJianMian	0	0	FengXiShangHaiJianMian	0	0	DuXiShangHaiJianMian	0	0	XiXue	0	0						
102801	MaxHP	1620	0	HPHuiFuPerRoundRatio	0	0	SuDu	100	0	LiLiang	240	0	Lingli	330	0	ZhuanJing	330	0	MaxMP	100	0	MPHuiFuPerRound	50	0	MPChuShi	50	0	MPBeiJiHuiFu	50	0	MPGongJiHuiFu	50	0	GongJiLiMin	378	0	GongJiLiMax	486	0	FangYuLi	518	0	DuoChongDaJi	0	0	PoJia	0	0	PoJiaDiKang	0	0	BaoJi	500	0	RenXing	0	0	BaoJiShangHai	0	0	BaoJiJianMian	0	0	ShanBi	500	0	MingZhong	0	0	GeDang	500	0	GeDangJianMian	0	0	ChuanCi	0	0	PuGongJianMian	0	0	PuGongJiaShen	0	0	JiNengJianMian	0	0	JiNengJiaShen	0	0	ZhuanJinJianMian	0	0	ZhuanJinJiaShen	0	0	JianShuShangHaiJiaShen	0	0	FaShuShangHaiJiaShen	0	0	LeiXiShangHaiJiaShen	0	0	HuoXiShangHaiJiaShen	0	0	BingXiShangHaiJiaShen	2000	0	FengXiShangHaiJiaShen	0	0	DuXiShangHaiJiaShen	0	0	JianShuShangHaiJianMian	0	0	FaShuShangHaiJianMian	0	0	LeiXiShangHaiJianMian	0	0	HuoXiShangHaiJianMian	0	0	BingXiShangHaiJianMian	0	0	FengXiShangHaiJianMian	0	0	DuXiShangHaiJianMian	0	0	XiXue	0	0						
102901	MaxHP	1422	0	HPHuiFuPerRoundRatio	500	0	SuDu	100	0	LiLiang	300	0	Lingli	300	0	ZhuanJing	300	0	MaxMP	100	0	MPHuiFuPerRound	50	0	MPChuShi	50	0	MPBeiJiHuiFu	50	0	MPGongJiHuiFu	50	0	GongJiLiMin	453	0	GongJiLiMax	466	2500	FangYuLi	518	0	DuoChongDaJi	0	0	PoJia	0	0	PoJiaDiKang	0	0	BaoJi	500	0	RenXing	0	0	BaoJiShangHai	0	0	BaoJiJianMian	0	0	ShanBi	500	0	MingZhong	0	0	GeDang	500	0	GeDangJianMian	0	0	ChuanCi	0	0	PuGongJianMian	0	0	PuGongJiaShen	0	0	JiNengJianMian	0	0	JiNengJiaShen	0	0	ZhuanJinJianMian	0	0	ZhuanJinJiaShen	0	0	JianShuShangHaiJiaShen	0	0	FaShuShangHaiJiaShen	0	0	LeiXiShangHaiJiaShen	0	0	HuoXiShangHaiJiaShen	0	0	BingXiShangHaiJiaShen	0	0	FengXiShangHaiJiaShen	0	0	DuXiShangHaiJiaShen	0	0	JianShuShangHaiJianMian	0	0	FaShuShangHaiJianMian	0	0	LeiXiShangHaiJianMian	0	0	HuoXiShangHaiJianMian	0	0	BingXiShangHaiJianMian	0	0	FengXiShangHaiJianMian	0	0	DuXiShangHaiJianMian	0	0	XiXue	0	0						
103001	MaxHP	1955	0	HPHuiFuPerRoundRatio	500	0	SuDu	100	0	LiLiang	330	0	Lingli	345	0	ZhuanJing	225	0	MaxMP	100	0	MPHuiFuPerRound	50	0	MPChuShi	50	0	MPBeiJiHuiFu	50	0	MPGongJiHuiFu	50	0	GongJiLiMin	412	1000	GongJiLiMax	530	1000	FangYuLi	518	0	DuoChongDaJi	0	0	PoJia	0	0	PoJiaDiKang	0	0	BaoJi	500	0	RenXing	0	0	BaoJiShangHai	0	0	BaoJiJianMian	0	0	ShanBi	500	0	MingZhong	0	0	GeDang	500	0	GeDangJianMian	0	0	ChuanCi	0	0	PuGongJianMian	0	0	PuGongJiaShen	0	0	JiNengJianMian	0	0	JiNengJiaShen	0	0	ZhuanJinJianMian	0	0	ZhuanJinJiaShen	0	0	JianShuShangHaiJiaShen	0	0	FaShuShangHaiJiaShen	0	0	LeiXiShangHaiJiaShen	0	0	HuoXiShangHaiJiaShen	0	0	BingXiShangHaiJiaShen	0	0	FengXiShangHaiJiaShen	0	0	DuXiShangHaiJiaShen	0	0	JianShuShangHaiJianMian	0	0	FaShuShangHaiJianMian	0	0	LeiXiShangHaiJianMian	0	0	HuoXiShangHaiJianMian	0	0	BingXiShangHaiJianMian	0	0	FengXiShangHaiJianMian	0	0	DuXiShangHaiJianMian	0	0	XiXue	0	0						
103101	MaxHP	971	0	HPHuiFuPerRoundRatio	0	0	SuDu	100	0	LiLiang	270	0	Lingli	360	0	ZhuanJing	270	0	MaxMP	100	0	MPHuiFuPerRound	50	0	MPChuShi	50	0	MPBeiJiHuiFu	50	0	MPGongJiHuiFu	50	0	GongJiLiMin	396	7500	GongJiLiMax	510	7500	FangYuLi	414	0	DuoChongDaJi	0	0	PoJia	0	0	PoJiaDiKang	0	0	BaoJi	500	0	RenXing	0	0	BaoJiShangHai	0	0	BaoJiJianMian	0	0	ShanBi	500	0	MingZhong	0	0	GeDang	500	0	GeDangJianMian	0	0	ChuanCi	0	0	PuGongJianMian	0	0	PuGongJiaShen	0	0	JiNengJianMian	0	0	JiNengJiaShen	0	0	ZhuanJinJianMian	0	0	ZhuanJinJiaShen	0	0	JianShuShangHaiJiaShen	0	0	FaShuShangHaiJiaShen	0	0	LeiXiShangHaiJiaShen	0	0	HuoXiShangHaiJiaShen	0	0	BingXiShangHaiJiaShen	0	0	FengXiShangHaiJiaShen	0	0	DuXiShangHaiJiaShen	0	0	JianShuShangHaiJianMian	0	0	FaShuShangHaiJianMian	0	0	LeiXiShangHaiJianMian	0	0	HuoXiShangHaiJianMian	0	0	BingXiShangHaiJianMian	0	0	FengXiShangHaiJianMian	0	0	DuXiShangHaiJianMian	0	0	XiXue	0	0						
103201	MaxHP	1944	0	HPHuiFuPerRoundRatio	0	0	SuDu	100	0	LiLiang	330	0	Lingli	345	0	ZhuanJing	225	0	MaxMP	100	0	MPHuiFuPerRound	50	0	MPChuShi	50	0	MPBeiJiHuiFu	75	0	MPGongJiHuiFu	75	0	GongJiLiMin	453	0	GongJiLiMax	583	0	FangYuLi	518	0	DuoChongDaJi	0	0	PoJia	0	0	PoJiaDiKang	0	0	BaoJi	500	0	RenXing	0	0	BaoJiShangHai	0	0	BaoJiJianMian	0	0	ShanBi	500	0	MingZhong	0	0	GeDang	500	0	GeDangJianMian	0	0	ChuanCi	0	0	PuGongJianMian	0	0	PuGongJiaShen	0	0	JiNengJianMian	0	0	JiNengJiaShen	0	0	ZhuanJinJianMian	0	0	ZhuanJinJiaShen	0	0	JianShuShangHaiJiaShen	0	0	FaShuShangHaiJiaShen	0	0	LeiXiShangHaiJiaShen	0	0	HuoXiShangHaiJiaShen	0	0	BingXiShangHaiJiaShen	0	0	FengXiShangHaiJiaShen	0	0	DuXiShangHaiJiaShen	0	0	JianShuShangHaiJianMian	0	0	FaShuShangHaiJianMian	0	0	LeiXiShangHaiJianMian	0	0	HuoXiShangHaiJianMian	0	0	BingXiShangHaiJianMian	0	0	FengXiShangHaiJianMian	0	0	DuXiShangHaiJianMian	0	0	XiXue	0	0						
103301	MaxHP	1620	0	HPHuiFuPerRoundRatio	0	0	SuDu	100	0	LiLiang	360	0	Lingli	300	0	ZhuanJing	240	0	MaxMP	100	0	MPHuiFuPerRound	50	0	MPChuShi	50	0	MPBeiJiHuiFu	75	0	MPGongJiHuiFu	75	0	GongJiLiMin	313	2500	GongJiLiMax	402	2500	FangYuLi	555	4000	DuoChongDaJi	0	0	PoJia	0	0	PoJiaDiKang	0	0	BaoJi	500	0	RenXing	0	0	BaoJiShangHai	0	0	BaoJiJianMian	0	0	ShanBi	500	0	MingZhong	0	0	GeDang	500	0	GeDangJianMian	0	0	ChuanCi	0	0	PuGongJianMian	2000	0	PuGongJiaShen	0	0	JiNengJianMian	2000	0	JiNengJiaShen	0	0	ZhuanJinJianMian	2000	0	ZhuanJinJiaShen	0	0	JianShuShangHaiJiaShen	0	0	FaShuShangHaiJiaShen	0	0	LeiXiShangHaiJiaShen	0	0	HuoXiShangHaiJiaShen	0	0	BingXiShangHaiJiaShen	0	0	FengXiShangHaiJiaShen	0	0	DuXiShangHaiJiaShen	0	0	JianShuShangHaiJianMian	0	0	FaShuShangHaiJianMian	0	0	LeiXiShangHaiJianMian	0	0	HuoXiShangHaiJianMian	0	0	BingXiShangHaiJianMian	0	0	FengXiShangHaiJianMian	0	0	DuXiShangHaiJianMian	0	0	XiXue	0	0						
103401	MaxHP	1689	0	HPHuiFuPerRoundRatio	0	0	SuDu	100	0	LiLiang	300	0	Lingli	300	0	ZhuanJing	300	0	MaxMP	100	0	MPHuiFuPerRound	50	0	MPChuShi	50	0	MPBeiJiHuiFu	75	0	MPGongJiHuiFu	75	0	GongJiLiMin	270	0	GongJiLiMax	347	0	FangYuLi	518	0	DuoChongDaJi	0	0	PoJia	0	0	PoJiaDiKang	0	0	BaoJi	500	0	RenXing	0	0	BaoJiShangHai	0	0	BaoJiJianMian	0	0	ShanBi	500	0	MingZhong	4000	0	GeDang	500	0	GeDangJianMian	0	0	ChuanCi	0	0	PuGongJianMian	0	0	PuGongJiaShen	0	0	JiNengJianMian	0	0	JiNengJiaShen	0	0	ZhuanJinJianMian	0	0	ZhuanJinJiaShen	0	0	JianShuShangHaiJiaShen	0	0	FaShuShangHaiJiaShen	0	0	LeiXiShangHaiJiaShen	0	0	HuoXiShangHaiJiaShen	0	0	BingXiShangHaiJiaShen	0	0	FengXiShangHaiJiaShen	2000	0	DuXiShangHaiJiaShen	0	0	JianShuShangHaiJianMian	0	0	FaShuShangHaiJianMian	0	0	LeiXiShangHaiJianMian	0	0	HuoXiShangHaiJianMian	0	0	BingXiShangHaiJianMian	0	0	FengXiShangHaiJianMian	0	0	DuXiShangHaiJianMian	0	0	XiXue	0	0						
103501	MaxHP	1620	0	HPHuiFuPerRoundRatio	0	0	SuDu	100	0	LiLiang	330	0	Lingli	345	0	ZhuanJing	225	0	MaxMP	100	0	MPHuiFuPerRound	50	0	MPChuShi	50	0	MPBeiJiHuiFu	75	0	MPGongJiHuiFu	75	0	GongJiLiMin	453	0	GongJiLiMax	583	0	FangYuLi	518	0	DuoChongDaJi	0	0	PoJia	0	0	PoJiaDiKang	0	0	BaoJi	500	0	RenXing	0	0	BaoJiShangHai	0	0	BaoJiJianMian	0	0	ShanBi	2500	0	MingZhong	0	0	GeDang	500	0	GeDangJianMian	0	0	ChuanCi	0	0	PuGongJianMian	0	0	PuGongJiaShen	0	0	JiNengJianMian	0	0	JiNengJiaShen	0	0	ZhuanJinJianMian	0	0	ZhuanJinJiaShen	0	0	JianShuShangHaiJiaShen	0	0	FaShuShangHaiJiaShen	0	0	LeiXiShangHaiJiaShen	0	0	HuoXiShangHaiJiaShen	0	0	BingXiShangHaiJiaShen	0	0	FengXiShangHaiJiaShen	0	0	DuXiShangHaiJiaShen	0	0	JianShuShangHaiJianMian	0	0	FaShuShangHaiJianMian	0	0	LeiXiShangHaiJianMian	0	0	HuoXiShangHaiJianMian	0	0	BingXiShangHaiJianMian	0	0	FengXiShangHaiJianMian	0	0	DuXiShangHaiJianMian	0	0	XiXue	0	0						
103601	MaxHP	1944	0	HPHuiFuPerRoundRatio	0	0	SuDu	100	0	LiLiang	240	0	Lingli	330	0	ZhuanJing	330	0	MaxMP	100	0	MPHuiFuPerRound	50	0	MPChuShi	50	0	MPBeiJiHuiFu	75	0	MPGongJiHuiFu	75	0	GongJiLiMin	378	0	GongJiLiMax	486	0	FangYuLi	518	0	DuoChongDaJi	0	0	PoJia	0	0	PoJiaDiKang	0	0	BaoJi	500	0	RenXing	0	0	BaoJiShangHai	0	0	BaoJiJianMian	0	0	ShanBi	500	0	MingZhong	0	0	GeDang	500	0	GeDangJianMian	0	0	ChuanCi	0	0	PuGongJianMian	0	0	PuGongJiaShen	0	0	JiNengJianMian	0	0	JiNengJiaShen	0	0	ZhuanJinJianMian	0	0	ZhuanJinJiaShen	0	0	JianShuShangHaiJiaShen	0	0	FaShuShangHaiJiaShen	0	0	LeiXiShangHaiJiaShen	0	0	HuoXiShangHaiJiaShen	0	0	BingXiShangHaiJiaShen	2000	0	FengXiShangHaiJiaShen	0	0	DuXiShangHaiJiaShen	0	0	JianShuShangHaiJianMian	0	0	FaShuShangHaiJianMian	0	0	LeiXiShangHaiJianMian	0	0	HuoXiShangHaiJianMian	0	0	BingXiShangHaiJianMian	0	0	FengXiShangHaiJianMian	0	0	DuXiShangHaiJianMian	0	0	XiXue	0	0						
103701	MaxHP	1706	0	HPHuiFuPerRoundRatio	500	0	SuDu	100	0	LiLiang	300	0	Lingli	300	0	ZhuanJing	300	0	MaxMP	100	0	MPHuiFuPerRound	50	0	MPChuShi	50	0	MPBeiJiHuiFu	75	0	MPGongJiHuiFu	75	0	GongJiLiMin	453	0	GongJiLiMax	466	2500	FangYuLi	518	0	DuoChongDaJi	0	0	PoJia	0	0	PoJiaDiKang	0	0	BaoJi	500	0	RenXing	0	0	BaoJiShangHai	0	0	BaoJiJianMian	0	0	ShanBi	500	0	MingZhong	0	0	GeDang	500	0	GeDangJianMian	0	0	ChuanCi	0	0	PuGongJianMian	0	0	PuGongJiaShen	0	0	JiNengJianMian	0	0	JiNengJiaShen	0	0	ZhuanJinJianMian	0	0	ZhuanJinJiaShen	0	0	JianShuShangHaiJiaShen	0	0	FaShuShangHaiJiaShen	0	0	LeiXiShangHaiJiaShen	0	0	HuoXiShangHaiJiaShen	0	0	BingXiShangHaiJiaShen	0	0	FengXiShangHaiJiaShen	0	0	DuXiShangHaiJiaShen	0	0	JianShuShangHaiJianMian	0	0	FaShuShangHaiJianMian	0	0	LeiXiShangHaiJianMian	0	0	HuoXiShangHaiJianMian	0	0	BingXiShangHaiJianMian	0	0	FengXiShangHaiJianMian	0	0	DuXiShangHaiJianMian	0	0	XiXue	0	0						
103801	MaxHP	2346	0	HPHuiFuPerRoundRatio	500	0	SuDu	100	0	LiLiang	330	0	Lingli	345	0	ZhuanJing	225	0	MaxMP	100	0	MPHuiFuPerRound	50	0	MPChuShi	50	0	MPBeiJiHuiFu	75	0	MPGongJiHuiFu	75	0	GongJiLiMin	412	1000	GongJiLiMax	530	1000	FangYuLi	518	0	DuoChongDaJi	0	0	PoJia	0	0	PoJiaDiKang	0	0	BaoJi	500	0	RenXing	0	0	BaoJiShangHai	0	0	BaoJiJianMian	0	0	ShanBi	500	0	MingZhong	0	0	GeDang	500	0	GeDangJianMian	0	0	ChuanCi	0	0	PuGongJianMian	0	0	PuGongJiaShen	0	0	JiNengJianMian	0	0	JiNengJiaShen	0	0	ZhuanJinJianMian	0	0	ZhuanJinJiaShen	0	0	JianShuShangHaiJiaShen	0	0	FaShuShangHaiJiaShen	0	0	LeiXiShangHaiJiaShen	0	0	HuoXiShangHaiJiaShen	0	0	BingXiShangHaiJiaShen	0	0	FengXiShangHaiJiaShen	0	0	DuXiShangHaiJiaShen	0	0	JianShuShangHaiJianMian	0	0	FaShuShangHaiJianMian	0	0	LeiXiShangHaiJianMian	0	0	HuoXiShangHaiJianMian	0	0	BingXiShangHaiJianMian	0	0	FengXiShangHaiJianMian	0	0	DuXiShangHaiJianMian	0	0	XiXue	0	0						
103901	MaxHP	1165	0	HPHuiFuPerRoundRatio	0	0	SuDu	100	0	LiLiang	270	0	Lingli	360	0	ZhuanJing	270	0	MaxMP	100	0	MPHuiFuPerRound	50	0	MPChuShi	50	0	MPBeiJiHuiFu	75	0	MPGongJiHuiFu	75	0	GongJiLiMin	396	7500	GongJiLiMax	510	7500	FangYuLi	414	0	DuoChongDaJi	0	0	PoJia	0	0	PoJiaDiKang	0	0	BaoJi	500	0	RenXing	0	0	BaoJiShangHai	0	0	BaoJiJianMian	0	0	ShanBi	500	0	MingZhong	0	0	GeDang	500	0	GeDangJianMian	0	0	ChuanCi	0	0	PuGongJianMian	0	0	PuGongJiaShen	0	0	JiNengJianMian	0	0	JiNengJiaShen	0	0	ZhuanJinJianMian	0	0	ZhuanJinJiaShen	0	0	JianShuShangHaiJiaShen	0	0	FaShuShangHaiJiaShen	0	0	LeiXiShangHaiJiaShen	0	0	HuoXiShangHaiJiaShen	0	0	BingXiShangHaiJiaShen	0	0	FengXiShangHaiJiaShen	0	0	DuXiShangHaiJiaShen	0	0	JianShuShangHaiJianMian	0	0	FaShuShangHaiJianMian	0	0	LeiXiShangHaiJianMian	0	0	HuoXiShangHaiJianMian	0	0	BingXiShangHaiJianMian	0	0	FengXiShangHaiJianMian	0	0	DuXiShangHaiJianMian	0	0	XiXue	0	0						
104001	MaxHP	2268	0	HPHuiFuPerRoundRatio	0	0	SuDu	100	0	LiLiang	330	0	Lingli	345	0	ZhuanJing	225	0	MaxMP	100	0	MPHuiFuPerRound	50	0	MPChuShi	50	0	MPBeiJiHuiFu	75	0	MPGongJiHuiFu	75	0	GongJiLiMin	453	0	GongJiLiMax	583	0	FangYuLi	518	0	DuoChongDaJi	0	0	PoJia	0	0	PoJiaDiKang	0	0	BaoJi	500	0	RenXing	0	0	BaoJiShangHai	0	0	BaoJiJianMian	0	0	ShanBi	500	0	MingZhong	0	0	GeDang	500	0	GeDangJianMian	0	0	ChuanCi	0	0	PuGongJianMian	0	0	PuGongJiaShen	0	0	JiNengJianMian	0	0	JiNengJiaShen	0	0	ZhuanJinJianMian	0	0	ZhuanJinJiaShen	0	0	JianShuShangHaiJiaShen	0	0	FaShuShangHaiJiaShen	0	0	LeiXiShangHaiJiaShen	0	0	HuoXiShangHaiJiaShen	0	0	BingXiShangHaiJiaShen	0	0	FengXiShangHaiJiaShen	0	0	DuXiShangHaiJiaShen	0	0	JianShuShangHaiJianMian	0	0	FaShuShangHaiJianMian	0	0	LeiXiShangHaiJianMian	0	0	HuoXiShangHaiJianMian	0	0	BingXiShangHaiJianMian	0	0	FengXiShangHaiJianMian	0	0	DuXiShangHaiJianMian	0	0	XiXue	0	0						
104101	MaxHP	1890	0	HPHuiFuPerRoundRatio	0	0	SuDu	100	0	LiLiang	360	0	Lingli	300	0	ZhuanJing	240	0	MaxMP	100	0	MPHuiFuPerRound	50	0	MPChuShi	50	0	MPBeiJiHuiFu	75	0	MPGongJiHuiFu	75	0	GongJiLiMin	313	2500	GongJiLiMax	402	2500	FangYuLi	555	4000	DuoChongDaJi	0	0	PoJia	0	0	PoJiaDiKang	0	0	BaoJi	500	0	RenXing	0	0	BaoJiShangHai	0	0	BaoJiJianMian	0	0	ShanBi	500	0	MingZhong	0	0	GeDang	500	0	GeDangJianMian	0	0	ChuanCi	0	0	PuGongJianMian	2000	0	PuGongJiaShen	0	0	JiNengJianMian	2000	0	JiNengJiaShen	0	0	ZhuanJinJianMian	2000	0	ZhuanJinJiaShen	0	0	JianShuShangHaiJiaShen	0	0	FaShuShangHaiJiaShen	0	0	LeiXiShangHaiJiaShen	0	0	HuoXiShangHaiJiaShen	0	0	BingXiShangHaiJiaShen	0	0	FengXiShangHaiJiaShen	0	0	DuXiShangHaiJiaShen	0	0	JianShuShangHaiJianMian	0	0	FaShuShangHaiJianMian	0	0	LeiXiShangHaiJianMian	0	0	HuoXiShangHaiJianMian	0	0	BingXiShangHaiJianMian	0	0	FengXiShangHaiJianMian	0	0	DuXiShangHaiJianMian	0	0	XiXue	0	0						
104201	MaxHP	1970	0	HPHuiFuPerRoundRatio	0	0	SuDu	100	0	LiLiang	300	0	Lingli	300	0	ZhuanJing	300	0	MaxMP	100	0	MPHuiFuPerRound	50	0	MPChuShi	50	0	MPBeiJiHuiFu	75	0	MPGongJiHuiFu	75	0	GongJiLiMin	270	0	GongJiLiMax	347	0	FangYuLi	518	0	DuoChongDaJi	0	0	PoJia	0	0	PoJiaDiKang	0	0	BaoJi	500	0	RenXing	0	0	BaoJiShangHai	0	0	BaoJiJianMian	0	0	ShanBi	500	0	MingZhong	4000	0	GeDang	500	0	GeDangJianMian	0	0	ChuanCi	0	0	PuGongJianMian	0	0	PuGongJiaShen	0	0	JiNengJianMian	0	0	JiNengJiaShen	0	0	ZhuanJinJianMian	0	0	ZhuanJinJiaShen	0	0	JianShuShangHaiJiaShen	0	0	FaShuShangHaiJiaShen	0	0	LeiXiShangHaiJiaShen	0	0	HuoXiShangHaiJiaShen	0	0	BingXiShangHaiJiaShen	0	0	FengXiShangHaiJiaShen	2000	0	DuXiShangHaiJiaShen	0	0	JianShuShangHaiJianMian	0	0	FaShuShangHaiJianMian	0	0	LeiXiShangHaiJianMian	0	0	HuoXiShangHaiJianMian	0	0	BingXiShangHaiJianMian	0	0	FengXiShangHaiJianMian	0	0	DuXiShangHaiJianMian	0	0	XiXue	0	0						
104301	MaxHP	1890	0	HPHuiFuPerRoundRatio	0	0	SuDu	100	0	LiLiang	330	0	Lingli	345	0	ZhuanJing	225	0	MaxMP	100	0	MPHuiFuPerRound	50	0	MPChuShi	50	0	MPBeiJiHuiFu	75	0	MPGongJiHuiFu	75	0	GongJiLiMin	453	0	GongJiLiMax	583	0	FangYuLi	518	0	DuoChongDaJi	0	0	PoJia	0	0	PoJiaDiKang	0	0	BaoJi	500	0	RenXing	0	0	BaoJiShangHai	0	0	BaoJiJianMian	0	0	ShanBi	2500	0	MingZhong	0	0	GeDang	500	0	GeDangJianMian	0	0	ChuanCi	0	0	PuGongJianMian	0	0	PuGongJiaShen	0	0	JiNengJianMian	0	0	JiNengJiaShen	0	0	ZhuanJinJianMian	0	0	ZhuanJinJiaShen	0	0	JianShuShangHaiJiaShen	0	0	FaShuShangHaiJiaShen	0	0	LeiXiShangHaiJiaShen	0	0	HuoXiShangHaiJiaShen	0	0	BingXiShangHaiJiaShen	0	0	FengXiShangHaiJiaShen	0	0	DuXiShangHaiJiaShen	0	0	JianShuShangHaiJianMian	0	0	FaShuShangHaiJianMian	0	0	LeiXiShangHaiJianMian	0	0	HuoXiShangHaiJianMian	0	0	BingXiShangHaiJianMian	0	0	FengXiShangHaiJianMian	0	0	DuXiShangHaiJianMian	0	0	XiXue	0	0						
104401	MaxHP	2268	0	HPHuiFuPerRoundRatio	0	0	SuDu	100	0	LiLiang	240	0	Lingli	330	0	ZhuanJing	330	0	MaxMP	100	0	MPHuiFuPerRound	50	0	MPChuShi	50	0	MPBeiJiHuiFu	75	0	MPGongJiHuiFu	75	0	GongJiLiMin	378	0	GongJiLiMax	486	0	FangYuLi	518	0	DuoChongDaJi	0	0	PoJia	0	0	PoJiaDiKang	0	0	BaoJi	500	0	RenXing	0	0	BaoJiShangHai	0	0	BaoJiJianMian	0	0	ShanBi	500	0	MingZhong	0	0	GeDang	500	0	GeDangJianMian	0	0	ChuanCi	0	0	PuGongJianMian	0	0	PuGongJiaShen	0	0	JiNengJianMian	0	0	JiNengJiaShen	0	0	ZhuanJinJianMian	0	0	ZhuanJinJiaShen	0	0	JianShuShangHaiJiaShen	0	0	FaShuShangHaiJiaShen	0	0	LeiXiShangHaiJiaShen	0	0	HuoXiShangHaiJiaShen	0	0	BingXiShangHaiJiaShen	2000	0	FengXiShangHaiJiaShen	0	0	DuXiShangHaiJiaShen	0	0	JianShuShangHaiJianMian	0	0	FaShuShangHaiJianMian	0	0	LeiXiShangHaiJianMian	0	0	HuoXiShangHaiJianMian	0	0	BingXiShangHaiJianMian	0	0	FengXiShangHaiJianMian	0	0	DuXiShangHaiJianMian	0	0	XiXue	0	0						
104501	MaxHP	1990	0	HPHuiFuPerRoundRatio	500	0	SuDu	100	0	LiLiang	300	0	Lingli	300	0	ZhuanJing	300	0	MaxMP	100	0	MPHuiFuPerRound	50	0	MPChuShi	50	0	MPBeiJiHuiFu	75	0	MPGongJiHuiFu	75	0	GongJiLiMin	453	0	GongJiLiMax	466	2500	FangYuLi	518	0	DuoChongDaJi	0	0	PoJia	0	0	PoJiaDiKang	0	0	BaoJi	500	0	RenXing	0	0	BaoJiShangHai	0	0	BaoJiJianMian	0	0	ShanBi	500	0	MingZhong	0	0	GeDang	500	0	GeDangJianMian	0	0	ChuanCi	0	0	PuGongJianMian	0	0	PuGongJiaShen	0	0	JiNengJianMian	0	0	JiNengJiaShen	0	0	ZhuanJinJianMian	0	0	ZhuanJinJiaShen	0	0	JianShuShangHaiJiaShen	0	0	FaShuShangHaiJiaShen	0	0	LeiXiShangHaiJiaShen	0	0	HuoXiShangHaiJiaShen	0	0	BingXiShangHaiJiaShen	0	0	FengXiShangHaiJiaShen	0	0	DuXiShangHaiJiaShen	0	0	JianShuShangHaiJianMian	0	0	FaShuShangHaiJianMian	0	0	LeiXiShangHaiJianMian	0	0	HuoXiShangHaiJianMian	0	0	BingXiShangHaiJianMian	0	0	FengXiShangHaiJianMian	0	0	DuXiShangHaiJianMian	0	0	XiXue	0	0						
104601	MaxHP	2737	0	HPHuiFuPerRoundRatio	500	0	SuDu	100	0	LiLiang	330	0	Lingli	345	0	ZhuanJing	225	0	MaxMP	100	0	MPHuiFuPerRound	50	0	MPChuShi	50	0	MPBeiJiHuiFu	75	0	MPGongJiHuiFu	75	0	GongJiLiMin	412	1000	GongJiLiMax	530	1000	FangYuLi	518	0	DuoChongDaJi	0	0	PoJia	0	0	PoJiaDiKang	0	0	BaoJi	500	0	RenXing	0	0	BaoJiShangHai	0	0	BaoJiJianMian	0	0	ShanBi	500	0	MingZhong	0	0	GeDang	500	0	GeDangJianMian	0	0	ChuanCi	0	0	PuGongJianMian	0	0	PuGongJiaShen	0	0	JiNengJianMian	0	0	JiNengJiaShen	0	0	ZhuanJinJianMian	0	0	ZhuanJinJiaShen	0	0	JianShuShangHaiJiaShen	0	0	FaShuShangHaiJiaShen	0	0	LeiXiShangHaiJiaShen	0	0	HuoXiShangHaiJiaShen	0	0	BingXiShangHaiJiaShen	0	0	FengXiShangHaiJiaShen	0	0	DuXiShangHaiJiaShen	0	0	JianShuShangHaiJianMian	0	0	FaShuShangHaiJianMian	0	0	LeiXiShangHaiJianMian	0	0	HuoXiShangHaiJianMian	0	0	BingXiShangHaiJianMian	0	0	FengXiShangHaiJianMian	0	0	DuXiShangHaiJianMian	0	0	XiXue	0	0						
104701	MaxHP	1359	0	HPHuiFuPerRoundRatio	0	0	SuDu	100	0	LiLiang	270	0	Lingli	360	0	ZhuanJing	270	0	MaxMP	100	0	MPHuiFuPerRound	50	0	MPChuShi	50	0	MPBeiJiHuiFu	75	0	MPGongJiHuiFu	75	0	GongJiLiMin	396	7500	GongJiLiMax	510	7500	FangYuLi	414	0	DuoChongDaJi	0	0	PoJia	0	0	PoJiaDiKang	0	0	BaoJi	500	0	RenXing	0	0	BaoJiShangHai	0	0	BaoJiJianMian	0	0	ShanBi	500	0	MingZhong	0	0	GeDang	500	0	GeDangJianMian	0	0	ChuanCi	0	0	PuGongJianMian	0	0	PuGongJiaShen	0	0	JiNengJianMian	0	0	JiNengJiaShen	0	0	ZhuanJinJianMian	0	0	ZhuanJinJiaShen	0	0	JianShuShangHaiJiaShen	0	0	FaShuShangHaiJiaShen	0	0	LeiXiShangHaiJiaShen	0	0	HuoXiShangHaiJiaShen	0	0	BingXiShangHaiJiaShen	0	0	FengXiShangHaiJiaShen	0	0	DuXiShangHaiJiaShen	0	0	JianShuShangHaiJianMian	0	0	FaShuShangHaiJianMian	0	0	LeiXiShangHaiJianMian	0	0	HuoXiShangHaiJianMian	0	0	BingXiShangHaiJianMian	0	0	FengXiShangHaiJianMian	0	0	DuXiShangHaiJianMian	0	0	XiXue	0	0						
104801	MaxHP	2592	0	HPHuiFuPerRoundRatio	0	0	SuDu	100	0	LiLiang	330	0	Lingli	345	0	ZhuanJing	225	0	MaxMP	100	0	MPHuiFuPerRound	50	0	MPChuShi	50	0	MPBeiJiHuiFu	75	0	MPGongJiHuiFu	75	0	GongJiLiMin	453	0	GongJiLiMax	583	0	FangYuLi	518	0	DuoChongDaJi	0	0	PoJia	0	0	PoJiaDiKang	0	0	BaoJi	500	0	RenXing	0	0	BaoJiShangHai	0	0	BaoJiJianMian	0	0	ShanBi	500	0	MingZhong	0	0	GeDang	500	0	GeDangJianMian	0	0	ChuanCi	0	0	PuGongJianMian	0	0	PuGongJiaShen	0	0	JiNengJianMian	0	0	JiNengJiaShen	0	0	ZhuanJinJianMian	0	0	ZhuanJinJiaShen	0	0	JianShuShangHaiJiaShen	0	0	FaShuShangHaiJiaShen	0	0	LeiXiShangHaiJiaShen	0	0	HuoXiShangHaiJiaShen	0	0	BingXiShangHaiJiaShen	0	0	FengXiShangHaiJiaShen	0	0	DuXiShangHaiJiaShen	0	0	JianShuShangHaiJianMian	0	0	FaShuShangHaiJianMian	0	0	LeiXiShangHaiJianMian	0	0	HuoXiShangHaiJianMian	0	0	BingXiShangHaiJianMian	0	0	FengXiShangHaiJianMian	0	0	DuXiShangHaiJianMian	0	0	XiXue	0	0						
104901	MaxHP	2160	0	HPHuiFuPerRoundRatio	0	0	SuDu	100	0	LiLiang	360	0	Lingli	300	0	ZhuanJing	240	0	MaxMP	100	0	MPHuiFuPerRound	50	0	MPChuShi	50	0	MPBeiJiHuiFu	75	0	MPGongJiHuiFu	75	0	GongJiLiMin	313	2500	GongJiLiMax	402	2500	FangYuLi	555	4000	DuoChongDaJi	0	0	PoJia	0	0	PoJiaDiKang	0	0	BaoJi	500	0	RenXing	0	0	BaoJiShangHai	0	0	BaoJiJianMian	0	0	ShanBi	500	0	MingZhong	0	0	GeDang	500	0	GeDangJianMian	0	0	ChuanCi	0	0	PuGongJianMian	2000	0	PuGongJiaShen	0	0	JiNengJianMian	2000	0	JiNengJiaShen	0	0	ZhuanJinJianMian	2000	0	ZhuanJinJiaShen	0	0	JianShuShangHaiJiaShen	0	0	FaShuShangHaiJiaShen	0	0	LeiXiShangHaiJiaShen	0	0	HuoXiShangHaiJiaShen	0	0	BingXiShangHaiJiaShen	0	0	FengXiShangHaiJiaShen	0	0	DuXiShangHaiJiaShen	0	0	JianShuShangHaiJianMian	0	0	FaShuShangHaiJianMian	0	0	LeiXiShangHaiJianMian	0	0	HuoXiShangHaiJianMian	0	0	BingXiShangHaiJianMian	0	0	FengXiShangHaiJianMian	0	0	DuXiShangHaiJianMian	0	0	XiXue	0	0						
105001	MaxHP	2252	0	HPHuiFuPerRoundRatio	0	0	SuDu	100	0	LiLiang	300	0	Lingli	300	0	ZhuanJing	300	0	MaxMP	100	0	MPHuiFuPerRound	50	0	MPChuShi	50	0	MPBeiJiHuiFu	75	0	MPGongJiHuiFu	75	0	GongJiLiMin	270	0	GongJiLiMax	347	0	FangYuLi	518	0	DuoChongDaJi	0	0	PoJia	0	0	PoJiaDiKang	0	0	BaoJi	500	0	RenXing	0	0	BaoJiShangHai	0	0	BaoJiJianMian	0	0	ShanBi	500	0	MingZhong	4000	0	GeDang	500	0	GeDangJianMian	0	0	ChuanCi	0	0	PuGongJianMian	0	0	PuGongJiaShen	0	0	JiNengJianMian	0	0	JiNengJiaShen	0	0	ZhuanJinJianMian	0	0	ZhuanJinJiaShen	0	0	JianShuShangHaiJiaShen	0	0	FaShuShangHaiJiaShen	0	0	LeiXiShangHaiJiaShen	0	0	HuoXiShangHaiJiaShen	0	0	BingXiShangHaiJiaShen	0	0	FengXiShangHaiJiaShen	2000	0	DuXiShangHaiJiaShen	0	0	JianShuShangHaiJianMian	0	0	FaShuShangHaiJianMian	0	0	LeiXiShangHaiJianMian	0	0	HuoXiShangHaiJianMian	0	0	BingXiShangHaiJianMian	0	0	FengXiShangHaiJianMian	0	0	DuXiShangHaiJianMian	0	0	XiXue	0	0						
105101	MaxHP	2160	0	HPHuiFuPerRoundRatio	0	0	SuDu	100	0	LiLiang	330	0	Lingli	345	0	ZhuanJing	225	0	MaxMP	100	0	MPHuiFuPerRound	50	0	MPChuShi	50	0	MPBeiJiHuiFu	75	0	MPGongJiHuiFu	75	0	GongJiLiMin	453	0	GongJiLiMax	583	0	FangYuLi	518	0	DuoChongDaJi	0	0	PoJia	0	0	PoJiaDiKang	0	0	BaoJi	500	0	RenXing	0	0	BaoJiShangHai	0	0	BaoJiJianMian	0	0	ShanBi	2500	0	MingZhong	0	0	GeDang	500	0	GeDangJianMian	0	0	ChuanCi	0	0	PuGongJianMian	0	0	PuGongJiaShen	0	0	JiNengJianMian	0	0	JiNengJiaShen	0	0	ZhuanJinJianMian	0	0	ZhuanJinJiaShen	0	0	JianShuShangHaiJiaShen	0	0	FaShuShangHaiJiaShen	0	0	LeiXiShangHaiJiaShen	0	0	HuoXiShangHaiJiaShen	0	0	BingXiShangHaiJiaShen	0	0	FengXiShangHaiJiaShen	0	0	DuXiShangHaiJiaShen	0	0	JianShuShangHaiJianMian	0	0	FaShuShangHaiJianMian	0	0	LeiXiShangHaiJianMian	0	0	HuoXiShangHaiJianMian	0	0	BingXiShangHaiJianMian	0	0	FengXiShangHaiJianMian	0	0	DuXiShangHaiJianMian	0	0	XiXue	0	0						
105201	MaxHP	2592	0	HPHuiFuPerRoundRatio	0	0	SuDu	100	0	LiLiang	240	0	Lingli	330	0	ZhuanJing	330	0	MaxMP	100	0	MPHuiFuPerRound	50	0	MPChuShi	50	0	MPBeiJiHuiFu	75	0	MPGongJiHuiFu	75	0	GongJiLiMin	378	0	GongJiLiMax	486	0	FangYuLi	518	0	DuoChongDaJi	0	0	PoJia	0	0	PoJiaDiKang	0	0	BaoJi	500	0	RenXing	0	0	BaoJiShangHai	0	0	BaoJiJianMian	0	0	ShanBi	500	0	MingZhong	0	0	GeDang	500	0	GeDangJianMian	0	0	ChuanCi	0	0	PuGongJianMian	0	0	PuGongJiaShen	0	0	JiNengJianMian	0	0	JiNengJiaShen	0	0	ZhuanJinJianMian	0	0	ZhuanJinJiaShen	0	0	JianShuShangHaiJiaShen	0	0	FaShuShangHaiJiaShen	0	0	LeiXiShangHaiJiaShen	0	0	HuoXiShangHaiJiaShen	0	0	BingXiShangHaiJiaShen	2000	0	FengXiShangHaiJiaShen	0	0	DuXiShangHaiJiaShen	0	0	JianShuShangHaiJianMian	0	0	FaShuShangHaiJianMian	0	0	LeiXiShangHaiJianMian	0	0	HuoXiShangHaiJianMian	0	0	BingXiShangHaiJianMian	0	0	FengXiShangHaiJianMian	0	0	DuXiShangHaiJianMian	0	0	XiXue	0	0						
105301	MaxHP	2275	0	HPHuiFuPerRoundRatio	500	0	SuDu	100	0	LiLiang	300	0	Lingli	300	0	ZhuanJing	300	0	MaxMP	100	0	MPHuiFuPerRound	50	0	MPChuShi	50	0	MPBeiJiHuiFu	75	0	MPGongJiHuiFu	75	0	GongJiLiMin	453	0	GongJiLiMax	466	2500	FangYuLi	518	0	DuoChongDaJi	0	0	PoJia	0	0	PoJiaDiKang	0	0	BaoJi	500	0	RenXing	0	0	BaoJiShangHai	0	0	BaoJiJianMian	0	0	ShanBi	500	0	MingZhong	0	0	GeDang	500	0	GeDangJianMian	0	0	ChuanCi	0	0	PuGongJianMian	0	0	PuGongJiaShen	0	0	JiNengJianMian	0	0	JiNengJiaShen	0	0	ZhuanJinJianMian	0	0	ZhuanJinJiaShen	0	0	JianShuShangHaiJiaShen	0	0	FaShuShangHaiJiaShen	0	0	LeiXiShangHaiJiaShen	0	0	HuoXiShangHaiJiaShen	0	0	BingXiShangHaiJiaShen	0	0	FengXiShangHaiJiaShen	0	0	DuXiShangHaiJiaShen	0	0	JianShuShangHaiJianMian	0	0	FaShuShangHaiJianMian	0	0	LeiXiShangHaiJianMian	0	0	HuoXiShangHaiJianMian	0	0	BingXiShangHaiJianMian	0	0	FengXiShangHaiJianMian	0	0	DuXiShangHaiJianMian	0	0	XiXue	0	0						
105401	MaxHP	3128	0	HPHuiFuPerRoundRatio	500	0	SuDu	100	0	LiLiang	330	0	Lingli	345	0	ZhuanJing	225	0	MaxMP	100	0	MPHuiFuPerRound	50	0	MPChuShi	50	0	MPBeiJiHuiFu	75	0	MPGongJiHuiFu	75	0	GongJiLiMin	412	1000	GongJiLiMax	530	1000	FangYuLi	518	0	DuoChongDaJi	0	0	PoJia	0	0	PoJiaDiKang	0	0	BaoJi	500	0	RenXing	0	0	BaoJiShangHai	0	0	BaoJiJianMian	0	0	ShanBi	500	0	MingZhong	0	0	GeDang	500	0	GeDangJianMian	0	0	ChuanCi	0	0	PuGongJianMian	0	0	PuGongJiaShen	0	0	JiNengJianMian	0	0	JiNengJiaShen	0	0	ZhuanJinJianMian	0	0	ZhuanJinJiaShen	0	0	JianShuShangHaiJiaShen	0	0	FaShuShangHaiJiaShen	0	0	LeiXiShangHaiJiaShen	0	0	HuoXiShangHaiJiaShen	0	0	BingXiShangHaiJiaShen	0	0	FengXiShangHaiJiaShen	0	0	DuXiShangHaiJiaShen	0	0	JianShuShangHaiJianMian	0	0	FaShuShangHaiJianMian	0	0	LeiXiShangHaiJianMian	0	0	HuoXiShangHaiJianMian	0	0	BingXiShangHaiJianMian	0	0	FengXiShangHaiJianMian	0	0	DuXiShangHaiJianMian	0	0	XiXue	0	0						
105501	MaxHP	1554	0	HPHuiFuPerRoundRatio	0	0	SuDu	100	0	LiLiang	270	0	Lingli	360	0	ZhuanJing	270	0	MaxMP	100	0	MPHuiFuPerRound	50	0	MPChuShi	50	0	MPBeiJiHuiFu	75	0	MPGongJiHuiFu	75	0	GongJiLiMin	396	7500	GongJiLiMax	510	7500	FangYuLi	414	0	DuoChongDaJi	0	0	PoJia	0	0	PoJiaDiKang	0	0	BaoJi	500	0	RenXing	0	0	BaoJiShangHai	0	0	BaoJiJianMian	0	0	ShanBi	500	0	MingZhong	0	0	GeDang	500	0	GeDangJianMian	0	0	ChuanCi	0	0	PuGongJianMian	0	0	PuGongJiaShen	0	0	JiNengJianMian	0	0	JiNengJiaShen	0	0	ZhuanJinJianMian	0	0	ZhuanJinJiaShen	0	0	JianShuShangHaiJiaShen	0	0	FaShuShangHaiJiaShen	0	0	LeiXiShangHaiJiaShen	0	0	HuoXiShangHaiJiaShen	0	0	BingXiShangHaiJiaShen	0	0	FengXiShangHaiJiaShen	0	0	DuXiShangHaiJiaShen	0	0	JianShuShangHaiJianMian	0	0	FaShuShangHaiJianMian	0	0	LeiXiShangHaiJianMian	0	0	HuoXiShangHaiJianMian	0	0	BingXiShangHaiJianMian	0	0	FengXiShangHaiJianMian	0	0	DuXiShangHaiJianMian	0	0	XiXue	0	0						